date,3. low,1. open,2. high,4. close,6. volume,5. adjusted close,8. split coefficient,7. dividend amount
2013-02-20,203.3,214.0,215.0,203.3,546941.0,200.4086,1.0,0.0
2013-02-21,193.15,193.15,208.0,197.0,120568.0,194.1982,1.0,0.0
2013-02-22,187.15,190.0,198.0,194.8,11524.0,192.0295,1.0,0.0
2013-02-25,190.15,193.0,195.0,193.0,12584.0,190.2551,1.0,0.0
2013-02-26,183.35,191.0,193.0,183.4,4700.0,180.7916,1.0,0.0
2013-02-27,174.25,183.35,183.35,179.3,5548.0,176.7499,1.0,0.0
2013-02-28,170.35,174.25,183.0,170.35,5989.0,167.9272,1.0,0.0
2013-03-01,161.85,162.5,175.0,171.75,6373.0,169.3073,1.0,0.0
2013-03-04,164.25,170.0,179.9,173.8,5351.0,171.3282,1.0,0.0
2013-03-05,169.0,169.0,175.4,170.0,8164.0,167.5822,1.0,0.0
2013-03-06,171.0,171.0,186.0,178.15,19245.0,175.6163,1.0,0.0
2013-03-07,176.0,178.7,180.0,177.0,3307.0,174.4826,1.0,0.0
2013-03-08,174.25,175.0,177.5,174.95,3678.0,172.4618,1.0,0.0
2013-03-11,173.0,173.0,180.0,179.55,3601.0,176.9964,1.0,0.0
2013-03-12,176.3,176.3,181.8,179.95,12934.0,177.3907,1.0,0.0
2013-03-13,161.0,176.35,180.0,177.95,2129.0,175.4191,1.0,0.0
2013-03-14,174.1,174.1,185.0,179.75,17090.0,177.1935,1.0,0.0
2013-03-15,171.0,177.5,184.0,179.3,3700.0,176.7499,1.0,0.0
2013-03-18,152.5,184.0,209.0,180.4,18367.0,177.8343,1.0,0.0
2013-03-19,175.0,177.1,180.0,176.15,4308.0,173.6447,1.0,0.0
2013-03-20,170.0,175.1,178.0,171.1,5060.0,168.6666,1.0,0.0
2013-03-21,169.0,171.5,173.0,169.65,1370.0,167.2372,1.0,0.0
2013-03-22,160.0,161.1,170.0,166.8,8021.0,164.4277,1.0,0.0
2013-03-25,158.0,162.2,167.7,160.4,2099.0,158.1187,1.0,0.0
2013-03-26,150.0,151.1,164.85,164.0,2640.0,161.6675,1.0,0.0
2013-03-28,157.0,160.6,177.0,169.2,7187.0,166.7936,1.0,0.0
2013-04-01,165.15,165.5,175.0,169.0,13123.0,166.5964,1.0,0.0
2013-04-02,166.0,166.0,180.0,177.8,8481.0,175.2713,1.0,0.0
2013-04-03,174.0,174.0,178.0,177.85,531.0,175.3206,1.0,0.0
2013-04-04,170.0,172.0,177.0,170.5,8468.0,168.0751,1.0,0.0
2013-04-05,150.0,170.0,174.0,167.0,449.0,164.6249,1.0,0.0
2013-04-08,162.05,179.0,179.0,165.15,1880.0,162.8012,1.0,0.0
2013-04-09,163.55,163.55,164.3,164.05,545.0,161.7168,1.0,0.0
2013-04-10,157.15,160.0,169.0,164.35,695.0,162.0126,1.0,0.0
2013-04-11,160.15,160.15,164.0,161.25,476.0,158.9566,1.0,0.0
2013-04-12,157.0,157.55,162.5,158.85,473.0,156.5908,1.0,0.0
2013-04-15,154.1,154.1,160.0,157.3,564.0,155.0628,1.0,0.0
2013-04-16,160.0,163.85,170.0,165.0,1059.0,162.6533,1.0,0.0
2013-04-17,162.5,162.6,173.0,168.45,20432.0,166.0542,1.0,0.0
2013-04-18,168.45,168.45,173.25,171.3,1356.0,168.8637,1.0,0.0
2013-04-22,168.6,168.8,179.0,174.55,1551.0,172.0675,1.0,0.0
2013-04-23,169.5,169.9,175.0,175.0,51493.0,172.5111,1.0,0.0
2013-04-25,169.9,170.05,176.0,174.0,1318.0,171.5253,1.0,0.0
2013-04-26,169.0,175.0,175.0,170.05,102.0,167.6315,1.0,0.0
2013-04-29,171.1,171.1,177.0,175.0,214.0,172.5111,1.0,0.0
2013-04-30,140.5,171.15,179.0,176.75,2699.0,174.2362,1.0,0.0
2013-05-02,165.1,171.1,174.0,173.7,12472.0,171.2296,1.0,0.0
2013-05-03,170.0,170.0,174.6,171.85,802.0,169.4059,1.0,0.0
2013-05-06,145.55,170.1,170.1,164.0,1015.0,161.6675,1.0,0.0
2013-05-07,162.3,164.0,167.5,162.95,448.0,160.6325,1.0,0.0
2013-05-08,159.0,162.5,165.0,161.95,512.0,159.6467,1.0,0.0
2013-05-09,160.0,164.75,164.9,163.25,6.0,160.9282,1.0,0.0
2013-05-10,157.0,161.35,164.0,163.7,450.0,161.3718,1.0,0.0
2013-05-13,158.1,158.1,167.9,161.65,990.0,159.3509,1.0,0.0
2013-05-14,162.0,167.5,167.5,162.0,2.0,159.696,1.0,0.0
2013-05-15,162.1,162.1,165.0,164.05,5422.0,161.7168,1.0,0.0
2013-05-16,160.0,163.5,165.0,164.0,5893.0,161.6675,1.0,0.0
2013-05-17,160.0,163.5,164.2,160.2,5718.0,157.9216,1.0,0.0
2013-05-20,152.3,160.4,170.0,163.45,15929.0,161.1254,1.0,0.0
2013-05-21,137.05,162.0,162.0,143.75,20877.0,141.7055,1.0,0.0
2013-05-22,130.1,141.3,142.95,134.5,9961.0,132.5871,1.0,0.0
2013-05-23,138.0,140.9,149.6,139.4,21147.0,137.4174,1.0,0.0
2013-05-24,135.6,144.0,144.9,136.35,6597.0,134.4108,1.0,0.0
2013-05-27,138.75,140.0,146.0,142.85,15521.0,140.8183,1.0,0.0
2013-05-28,141.2,146.0,149.9,142.55,27321.0,140.5226,1.0,0.0
2013-05-29,134.0,142.7,144.4,136.55,5666.0,134.6079,1.0,0.0
2013-05-30,133.0,135.05,140.0,137.7,5944.0,135.7416,1.0,0.0
2013-05-31,126.5,140.0,147.8,129.1,13438.0,127.2639,1.0,0.0
2013-06-03,125.0,128.0,140.0,126.05,9870.0,124.2573,1.0,0.0
2013-06-04,105.25,125.05,125.05,111.35,58164.0,109.7663,1.0,0.0
2013-06-05,106.0,114.8,116.0,112.8,38587.0,111.1957,1.0,0.0
2013-06-06,116.5,116.5,127.0,120.1,20558.0,118.3919,1.0,0.0
2013-06-07,116.6,121.0,121.95,117.65,12357.0,115.9767,1.0,0.0
2013-06-10,103.25,119.95,119.95,118.9,10224.0,117.209,1.0,0.0
2013-06-11,110.0,123.95,123.95,119.2,7441.0,117.5047,1.0,0.0
2013-06-12,114.0,114.0,129.0,124.1,22137.0,122.335,1.0,0.0
2013-06-13,116.3,120.05,137.3,133.85,8979.0,131.9463,1.0,0.0
2013-06-14,130.0,130.0,140.0,139.7,7344.0,137.7131,1.0,0.0
2013-06-17,135.0,140.0,140.0,138.25,6313.0,136.2838,1.0,0.0
2013-06-18,135.25,137.25,139.45,138.25,5262.0,136.2838,1.0,0.0
2013-06-19,136.0,141.9,147.45,142.55,7673.0,140.5226,1.0,0.0
2013-06-20,135.1,137.35,141.5,140.4,6090.0,138.4032,1.0,0.0
2013-06-21,132.25,133.0,139.0,137.1,6755.0,135.1501,1.0,0.0
2013-06-24,128.0,132.0,140.0,139.65,7623.0,137.6638,1.0,0.0
2013-06-25,132.0,132.0,138.4,134.55,5246.0,132.6364,1.0,0.0
2013-06-26,130.0,134.55,134.55,130.1,197.0,128.2497,1.0,0.0
2013-06-27,126.45,126.45,135.0,133.8,4316.0,131.897,1.0,0.0
2013-06-28,123.5,128.0,137.0,135.85,6686.0,133.9179,1.0,0.0
2013-07-01,128.1,128.15,139.0,138.25,1881.0,136.2838,1.0,0.0
2013-07-02,133.0,135.95,140.0,137.2,11258.0,135.2487,1.0,0.0
2013-07-03,130.1,134.95,136.9,135.15,409.0,133.2278,1.0,0.0
2013-07-04,130.05,132.5,135.45,131.0,1972.0,129.1369,1.0,0.0
2013-07-05,130.0,130.5,130.75,130.4,235.0,128.5454,1.0,0.0
2013-07-08,128.0,129.0,135.45,134.1,6650.0,132.1928,1.0,0.0
2013-07-09,130.9,130.9,136.0,135.0,15861.0,133.08,1.0,0.0
2013-07-10,132.0,135.35,135.5,132.65,9363.0,130.7634,1.0,0.0
2013-07-11,131.1,134.95,140.0,132.5,32313.0,130.6155,1.0,0.0
2013-07-12,134.0,135.0,150.8,149.8,23514.0,147.6695,1.0,0.0
2013-07-15,145.0,151.95,160.9,154.7,36083.0,152.4998,1.0,0.0
2013-07-16,140.65,150.0,154.5,145.85,18305.0,143.7757,1.0,0.0
2013-07-17,143.25,147.75,150.0,148.3,7543.0,146.1908,1.0,0.0
2013-07-18,143.15,150.7,150.7,143.45,1686.0,141.4098,1.0,0.0
2013-07-19,138.0,140.2,143.0,140.0,1665.0,138.0088,1.0,0.0
2013-07-22,140.0,144.95,144.95,140.0,3926.0,138.0088,1.0,0.0
2013-07-23,139.0,139.0,145.0,142.9,582.0,140.8676,1.0,0.0
2013-07-24,135.35,140.0,141.0,140.0,864.0,138.0088,1.0,0.0
2013-07-25,135.75,135.75,147.0,143.8,5045.0,141.7548,1.0,0.0
2013-07-26,132.6,144.0,150.0,139.25,16386.0,137.2695,1.0,0.0
2013-07-29,136.5,138.0,150.95,148.95,23575.0,146.8316,1.0,0.0
2013-07-30,142.5,150.0,151.45,148.4,6675.0,146.2894,1.0,0.0
2013-07-31,151.95,151.95,178.0,176.1,924933.0,173.5955,1.0,0.0
2013-08-01,162.2,173.5,176.1,170.2,24488.0,167.7794,1.0,0.0
2013-08-02,165.0,167.1,170.2,167.25,2108.0,164.8713,1.0,0.0
2013-08-05,163.0,174.9,174.9,164.2,712.0,161.8647,1.0,0.0
2013-08-06,165.0,165.25,166.9,165.15,1185.0,162.8012,1.0,0.0
2013-08-07,165.0,169.75,170.05,169.25,2376.0,166.8429,1.0,0.0
2013-08-08,165.05,165.05,171.75,169.9,7524.0,167.4836,1.0,0.0
2013-08-12,162.5,162.5,175.8,170.0,8107.0,167.5822,1.0,0.0
2013-08-13,170.0,173.05,173.8,170.05,5820.0,167.6315,1.0,0.0
2013-08-14,167.25,173.0,173.0,169.65,6244.0,167.2372,1.0,0.0
2013-08-16,165.0,168.3,169.0,165.75,5578.0,163.3927,1.0,0.0
2013-08-19,166.05,167.5,172.9,169.35,6195.0,166.9415,1.0,0.0
2013-08-20,165.1,165.1,171.7,169.6,8066.0,167.1879,1.0,0.0
2013-08-21,170.0,170.1,172.95,170.05,8857.0,167.6315,1.0,0.0
2013-08-22,170.1,175.0,175.0,171.9,12749.0,169.4552,1.0,0.0
2013-08-23,170.0,170.0,174.4,173.85,15153.0,171.3775,1.0,0.0
2013-08-26,170.0,173.05,175.0,173.5,11963.0,171.0324,1.0,0.0
2013-08-27,170.0,170.0,184.9,182.35,142591.0,179.7565,1.0,0.0
2013-08-28,175.75,180.0,184.8,182.3,30731.0,179.7073,1.0,0.0
2013-08-29,177.35,177.9,202.0,191.05,19902.0,188.3328,1.0,0.0
2013-08-30,185.05,190.0,191.05,191.05,260.0,188.3328,1.0,0.0
2013-09-02,187.0,187.0,193.0,188.0,138.0,185.3262,1.0,0.0
2013-09-03,188.0,188.0,188.0,188.0,0.0,185.3262,1.0,0.0
2013-09-04,180.0,180.0,189.0,180.25,417.0,177.6864,1.0,0.0
2013-09-05,180.25,180.25,189.0,184.6,383.0,181.9745,1.0,0.0
2013-09-06,181.0,181.0,193.0,190.05,1686.0,187.347,1.0,0.0
2013-09-10,185.5,185.5,198.0,196.4,4460.0,193.6067,1.0,0.0
2013-09-11,195.95,198.0,206.2,205.6,4302.0,202.6759,1.0,0.0
2013-09-12,196.0,205.0,211.0,196.7,387100.0,193.9025,1.0,0.0
2013-09-13,195.3,200.0,200.0,195.3,1776.0,192.5224,1.0,0.0
2013-09-16,195.3,199.0,199.0,195.3,350.0,192.5224,1.0,0.0
2013-09-17,196.0,199.0,200.0,196.0,390.0,193.2124,1.0,0.0
2013-09-18,190.1,196.0,196.0,192.05,115.0,189.3186,1.0,0.0
2013-09-19,195.0,196.0,201.0,198.2,1082.0,195.3811,1.0,0.0
2013-09-20,194.1,200.0,200.0,199.75,6130.0,196.9091,1.0,0.0
2013-09-23,190.0,190.0,202.0,202.0,195.0,200.129,1.0,0.0
2013-09-24,193.0,193.0,196.5,196.0,431.0,194.1846,1.0,0.0
2013-09-25,199.5,199.5,204.0,204.0,504.0,202.1104,1.0,0.0
2013-09-26,200.0,203.0,204.0,200.0,723.0,198.1475,1.0,0.0
2013-09-27,195.25,199.0,199.0,198.0,364.0,196.166,1.0,0.0
2013-09-30,196.15,198.0,198.0,196.15,201.0,194.3332,1.0,0.0
2013-10-01,197.5,197.5,204.0,204.0,333.0,202.1104,1.0,0.0
2013-10-03,200.0,200.0,200.0,200.0,66.0,198.1475,1.0,0.0
2013-10-04,195.1,197.0,200.0,195.1,498.0,193.2929,1.0,0.0
2013-10-07,196.0,196.0,200.0,200.0,336.0,198.1475,1.0,0.0
2013-10-08,195.1,195.1,197.0,196.0,587.0,194.1846,1.0,0.0
2013-10-09,202.0,202.0,202.0,202.0,15.0,200.129,1.0,0.0
2013-10-10,195.25,195.25,200.0,196.0,134.0,194.1846,1.0,0.0
2013-10-11,195.4,195.4,199.9,199.2,433.0,197.3549,1.0,0.0
2013-10-14,199.25,199.9,200.0,199.25,303.0,197.4044,1.0,0.0
2013-10-15,200.0,200.0,209.2,209.2,99725.0,207.2623,1.0,0.0
2013-10-17,200.0,200.0,219.65,214.3,6514.0,212.315,1.0,0.0
2013-10-18,210.0,210.0,216.0,210.2,2866.0,208.253,1.0,0.0
2013-10-21,207.0,207.0,220.7,220.7,6022.0,218.6558,1.0,0.0
2013-10-22,218.0,220.7,230.9,228.95,85242.0,226.8294,1.0,0.0
2013-10-23,225.05,228.9,239.0,231.2,2905.0,229.0585,1.0,0.0
2013-10-24,225.0,231.0,237.9,227.0,2129.0,224.8974,1.0,0.0
2013-10-25,217.0,222.1,227.0,220.05,1662.0,218.0118,1.0,0.0
2013-10-28,215.0,218.5,221.95,221.7,160.0,219.6465,1.0,0.0
2013-10-29,214.0,222.0,223.5,223.5,2935.0,221.4298,1.0,0.0
2013-10-30,219.0,222.0,233.0,230.2,4226.0,228.0678,1.0,0.0
2013-10-31,228.0,231.8,241.0,234.45,2917.0,232.2784,1.0,0.0
2013-11-01,223.0,223.0,240.0,237.8,6497.0,235.5974,1.0,0.0
2013-11-05,230.5,235.0,240.4,238.1,2254.0,235.8946,1.0,0.0
2013-11-06,230.2,230.2,232.75,232.65,453.0,230.4951,1.0,0.0
2013-11-07,230.0,230.0,240.0,231.6,1352.0,229.4548,1.0,0.0
2013-11-08,231.1,231.4,239.0,234.3,1238.0,232.1298,1.0,0.0
2013-11-11,223.4,230.0,237.0,230.2,1606.0,228.0678,1.0,0.0
2013-11-12,228.55,230.0,231.0,230.6,1511.0,228.4641,1.0,0.0
2013-11-13,223.0,238.8,238.8,226.0,1256.0,223.9067,1.0,0.0
2013-11-14,225.0,225.25,231.0,226.3,1692.0,224.2039,1.0,0.0
2013-11-18,225.0,230.0,235.0,233.95,994.0,231.783,1.0,0.0
2013-11-19,225.0,225.0,234.0,233.0,1090.0,230.8418,1.0,0.0
2013-11-20,230.0,230.5,230.5,230.5,608.0,228.365,1.0,0.0
2013-11-21,230.0,230.0,235.0,231.0,932.0,228.8604,1.0,0.0
2013-11-22,222.0,225.6,225.6,222.0,462.0,219.9437,1.0,0.0
2013-11-25,225.0,225.9,231.0,225.0,1671.0,222.9159,1.0,0.0
2013-11-26,225.0,225.0,232.0,232.0,633.0,229.8511,1.0,0.0
2013-11-27,226.45,234.0,234.0,229.75,1094.0,227.6219,1.0,0.0
2013-11-28,223.55,231.0,231.5,231.2,745.0,229.0585,1.0,0.0
2013-11-29,227.4,232.0,232.0,227.4,209.0,225.2937,1.0,0.0
2013-12-02,221.05,221.1,226.8,224.65,337.0,222.5692,1.0,0.0
2013-12-03,223.0,223.0,233.95,229.0,1235.0,226.8789,1.0,0.0
2013-12-04,224.0,227.05,229.5,226.15,2250.0,224.0553,1.0,0.0
2013-12-05,214.85,230.0,231.0,215.9,2736.0,213.9002,1.0,0.0
2013-12-06,212.1,223.9,226.65,215.7,76885.0,213.7021,1.0,0.0
2013-12-09,215.1,225.0,225.0,218.85,353.0,216.8229,1.0,0.0
2013-12-10,212.55,215.0,223.8,220.95,663.0,218.9034,1.0,0.0
2013-12-11,216.0,217.0,221.0,220.5,379.0,218.4576,1.0,0.0
2013-12-12,221.0,225.0,225.0,222.95,707.0,220.8849,1.0,0.0
2013-12-13,221.5,224.0,224.0,222.75,1333.0,220.6868,1.0,0.0
2013-12-16,212.0,212.0,222.0,219.05,263.0,217.0211,1.0,0.0
2013-12-17,208.5,208.5,218.65,212.85,514.0,210.8785,1.0,0.0
2013-12-18,213.0,215.0,215.0,213.0,63.0,211.0271,1.0,0.0
2013-12-19,213.5,213.5,222.0,222.0,1342.0,219.9437,1.0,0.0
2013-12-20,217.0,220.0,224.0,221.45,2114.0,219.3988,1.0,0.0
2013-12-23,215.35,215.35,222.0,219.45,742.0,217.4173,1.0,0.0
2013-12-24,221.25,224.95,225.0,224.45,1883.0,222.371,1.0,0.0
2013-12-26,222.0,225.0,235.0,229.6,5293.0,227.4733,1.0,0.0
2013-12-27,226.1,229.0,235.0,234.05,1930.0,231.8821,1.0,0.0
2013-12-30,230.15,234.85,244.0,239.55,3980.0,237.3312,1.0,0.0
2013-12-31,231.0,240.0,243.5,242.4,2281.0,240.1548,1.0,0.0
2014-01-01,237.0,248.0,248.0,237.9,1575.0,235.6965,1.0,0.0
2014-01-02,230.0,238.0,238.0,231.45,1024.0,229.3062,1.0,0.0
2014-01-03,230.0,230.0,237.85,233.55,1247.0,231.3867,1.0,0.0
2014-01-06,227.1,228.75,238.9,228.5,1725.0,226.3835,1.0,0.0
2014-01-07,224.85,237.95,237.95,235.0,37314.0,232.8233,1.0,0.0
2014-01-08,232.05,232.05,239.0,238.0,1538.0,235.7955,1.0,0.0
2014-01-09,230.25,239.95,242.0,240.85,2599.0,238.6191,1.0,0.0
2014-01-10,236.0,242.95,243.0,240.2,2030.0,237.9752,1.0,0.0
2014-01-13,233.0,244.75,244.95,235.45,1064.0,233.2691,1.0,0.0
2014-01-14,235.4,235.4,238.0,238.0,61.0,235.7955,1.0,0.0
2014-01-15,236.05,236.8,243.0,241.8,1096.0,239.5603,1.0,0.0
2014-01-16,240.15,245.45,245.45,243.0,685.0,240.7492,1.0,0.0
2014-01-17,240.0,241.9,243.0,240.5,1351.0,238.2724,1.0,0.0
2014-01-20,240.25,240.45,242.2,241.55,1242.0,239.3126,1.0,0.0
2014-01-21,241.0,241.0,245.7,242.75,358.0,240.5015,1.0,0.0
2014-01-22,242.05,242.75,246.0,242.35,1088.0,240.1052,1.0,0.0
2014-01-23,244.15,248.5,249.0,245.05,1729.0,242.7802,1.0,0.0
2014-01-24,240.0,245.0,262.95,254.95,21758.0,252.5885,1.0,0.0
2014-01-27,253.05,259.95,263.9,255.45,24985.0,253.0839,1.0,0.0
2014-01-28,254.15,256.0,260.1,255.25,2153.0,252.8857,1.0,0.0
2014-01-29,255.0,259.7,259.95,258.2,13819.0,255.8085,1.0,0.0
2014-01-30,248.6,248.6,258.85,255.0,812.0,252.6381,1.0,0.0
2014-01-31,251.25,255.0,259.7,254.6,1118.0,252.2418,1.0,0.0
2014-02-03,242.0,242.0,268.5,257.0,6471.0,254.6195,1.0,0.0
2014-02-04,246.05,250.0,259.0,255.0,2233.0,252.6381,1.0,0.0
2014-02-05,254.95,255.0,265.0,257.4,6031.0,255.0158,1.0,0.0
2014-02-06,257.0,260.0,263.0,262.3,1168.0,259.8704,1.0,0.0
2014-02-07,260.05,260.05,270.0,265.9,1418.0,263.4371,1.0,0.0
2014-02-10,269.95,269.95,276.0,275.1,2916.0,272.5519,1.0,0.0
2014-02-11,272.05,279.95,291.6,285.75,7474.0,283.1032,1.0,0.0
2014-02-12,286.2,297.75,301.0,289.95,8732.0,287.2643,1.0,0.0
2014-02-13,270.0,291.1,294.95,276.55,1652.0,273.9885,1.0,0.0
2014-02-14,275.0,275.0,278.95,278.15,337.0,275.5736,1.0,0.0
2014-02-17,266.15,289.95,296.5,279.15,34874.0,276.5644,1.0,0.0
2014-02-18,280.6,292.7,297.95,282.7,32543.0,280.0815,1.0,0.0
2014-02-19,275.95,286.0,287.15,278.9,11027.0,276.3167,1.0,0.0
2014-02-20,266.0,279.0,279.0,275.2,4014.0,272.651,1.0,0.0
2014-02-21,272.0,272.0,278.9,274.95,2127.0,272.4033,1.0,0.0
2014-02-24,268.1,270.15,289.8,271.1,4140.0,268.589,1.0,0.0
2014-02-25,250.0,268.0,275.0,266.0,316664.0,263.5362,1.0,0.0
2014-02-26,252.25,260.0,263.0,255.85,14517.0,253.4802,1.0,0.0
2014-02-28,252.0,256.0,259.3,258.85,2193.0,256.4525,1.0,0.0
2014-03-03,257.5,262.7,267.45,261.15,11256.0,258.7311,1.0,0.0
2014-03-04,259.95,264.95,266.6,264.1,4604.0,261.6538,1.0,0.0
2014-03-05,261.05,261.05,275.0,271.75,12975.0,269.2329,1.0,0.0
2014-03-06,266.55,266.6,284.0,280.8,18929.0,278.1991,1.0,0.0
2014-03-07,275.1,275.1,283.9,280.0,5954.0,277.4065,1.0,0.0
2014-03-10,271.15,271.5,284.8,280.05,7210.0,277.456,1.0,0.0
2014-03-11,272.6,274.05,277.85,273.65,6546.0,271.1153,1.0,0.0
2014-03-12,263.6,271.2,272.55,266.05,3917.0,263.5857,1.0,0.0
2014-03-13,263.45,263.45,274.0,271.9,6047.0,269.3815,1.0,0.0
2014-03-14,270.0,270.0,274.0,273.9,1953.0,271.363,1.0,0.0
2014-03-18,271.05,271.2,285.0,283.65,27300.0,281.0227,1.0,0.0
2014-03-19,280.65,284.45,290.0,284.4,142235.0,281.7658,1.0,0.0
2014-03-20,277.0,280.0,285.0,280.65,4913.0,278.0505,1.0,0.0
2014-03-21,272.0,282.1,285.0,276.9,4574.0,274.3352,1.0,0.0
2014-03-22,0.0,0.0,0.0,0.0,0.0,0.0,1.0,0.0
2014-03-24,274.05,275.05,280.05,277.15,26068.0,274.5829,1.0,0.0
2014-03-25,272.0,272.0,280.0,277.0,3462.0,274.4343,1.0,0.0
2014-03-26,273.55,278.0,281.8,275.35,2410.0,272.7996,1.0,0.0
2014-03-27,268.25,272.05,275.0,272.3,3272.0,269.7778,1.0,0.0
2014-03-28,267.0,270.0,277.9,268.9,1829.0,266.4093,1.0,0.0
2014-03-31,269.0,288.0,290.0,286.1,6146.0,283.45,1.0,0.0
2014-04-01,282.05,298.9,298.9,290.4,9773.0,287.7101,1.0,0.0
2014-04-02,275.0,292.0,294.0,288.35,8709.0,285.6792,1.0,0.0
2014-04-03,278.0,289.95,292.0,282.95,8731.0,280.3292,1.0,0.0
2014-04-04,280.05,283.05,288.95,283.4,2832.0,280.775,1.0,0.0
2014-04-07,283.05,290.0,290.05,286.15,159727.0,283.4995,1.0,0.0
2014-04-09,281.0,286.0,289.35,284.25,5446.0,281.6172,1.0,0.0
2014-04-10,279.95,283.5,304.0,297.3,13467.0,294.5462,1.0,0.0
2014-04-11,298.15,299.0,323.9,314.95,48438.0,312.0328,1.0,0.0
2014-04-15,300.0,319.0,324.0,303.95,9220.0,301.1347,1.0,0.0
2014-04-16,291.6,309.8,309.8,294.8,4592.0,292.0694,1.0,0.0
2014-04-17,301.0,301.05,336.0,325.95,24780.0,322.9309,1.0,0.0
2014-04-21,325.5,326.0,335.0,326.65,6347.0,323.6244,1.0,0.0
2014-04-22,321.5,329.8,329.8,324.85,7048.0,321.8411,1.0,0.0
2014-04-23,323.0,337.85,375.0,342.7,45390.0,339.5258,1.0,0.0
2014-04-24,342.7,342.7,342.7,342.7,0.0,339.5258,1.0,0.0
2014-04-25,335.0,355.0,355.0,338.4,7700.0,335.2656,1.0,0.0
2014-04-28,338.35,338.35,350.0,339.85,9732.0,336.7021,1.0,0.0
2014-04-29,311.2,335.6,335.6,318.2,6650.0,315.2527,1.0,0.0
2014-04-30,285.6,319.05,337.0,319.4,9485.0,316.4416,1.0,0.0
2014-05-02,303.0,320.0,340.0,326.65,15024.0,323.6244,1.0,0.0
2014-05-05,319.0,324.0,334.0,324.4,6598.0,321.3952,1.0,0.0
2014-05-06,323.0,323.05,331.0,329.8,5012.0,326.7452,1.0,0.0
2014-05-07,316.0,328.05,328.05,322.6,2696.0,319.612,1.0,0.0
2014-05-08,309.0,316.0,323.9,312.3,2592.0,309.4073,1.0,0.0
2014-05-09,308.1,310.0,314.9,310.35,5336.0,307.4754,1.0,0.0
2014-05-12,296.0,307.05,314.95,300.05,12201.0,297.2708,1.0,0.0
2014-05-13,295.0,299.05,312.0,300.05,16289.0,297.2708,1.0,0.0
2014-05-14,302.0,302.65,314.0,310.3,3864.0,307.4258,1.0,0.0
2014-05-15,298.0,298.0,320.0,316.65,4940.0,313.717,1.0,0.0
2014-05-16,306.7,317.05,317.05,309.25,4650.0,306.3856,1.0,0.0
2014-05-19,300.6,310.25,314.1,304.9,3675.0,302.0759,1.0,0.0
2014-05-20,300.0,300.05,312.0,310.35,2513.0,307.4754,1.0,0.0
2014-05-21,302.5,302.5,327.9,319.35,5711.0,316.392,1.0,0.0
2014-05-22,311.0,320.0,326.0,314.65,2818.0,311.7355,1.0,0.0
2014-05-23,311.2,315.55,320.95,320.5,3247.0,317.5314,1.0,0.0
2014-05-26,303.0,332.4,332.4,306.1,5429.0,303.2648,1.0,0.0
2014-05-27,302.0,305.0,310.0,310.0,3140.0,307.1286,1.0,0.0
2014-05-28,303.0,310.0,310.0,304.45,1543.0,301.6301,1.0,0.0
2014-05-29,301.55,301.55,310.0,304.9,1137.0,302.0759,1.0,0.0
2014-05-30,303.05,303.05,316.4,311.65,2228.0,308.7633,1.0,0.0
2014-06-02,301.05,315.0,315.0,303.3,2576.0,300.4907,1.0,0.0
2014-06-03,302.75,305.25,307.05,306.7,1659.0,303.8592,1.0,0.0
2014-06-04,302.0,306.0,309.0,305.85,2731.0,303.0171,1.0,0.0
2014-06-05,300.0,306.0,310.0,305.05,5175.0,302.2245,1.0,0.0
2014-06-06,301.2,320.0,320.0,305.3,6563.0,302.4721,1.0,0.0
2014-06-09,303.0,306.05,312.0,306.25,15595.0,303.4134,1.0,0.0
2014-06-10,305.5,310.0,320.0,315.7,17471.0,312.7758,1.0,0.0
2014-06-11,310.35,324.4,331.0,313.8,15551.0,310.8934,1.0,0.0
2014-06-12,307.55,316.0,323.0,308.95,20541.0,306.0883,1.0,0.0
2014-06-13,302.0,319.45,319.5,304.8,8965.0,301.9768,1.0,0.0
2014-06-16,301.65,319.95,319.95,301.9,4131.0,299.1036,1.0,0.0
2014-06-17,302.0,303.35,309.0,304.5,4395.0,301.6796,1.0,0.0
2014-06-18,302.0,310.0,314.0,303.7,9535.0,300.887,1.0,0.0
2014-06-19,302.3,304.0,307.95,304.9,3529.0,302.0759,1.0,0.0
2014-06-20,302.0,308.9,315.0,307.4,8610.0,304.5527,1.0,0.0
2014-06-23,305.5,307.4,352.0,341.15,15995.0,337.9901,1.0,0.0
2014-06-24,340.0,340.15,364.0,347.4,26073.0,344.1822,1.0,0.0
2014-06-25,336.0,359.0,359.0,340.4,5459.0,337.247,1.0,0.0
2014-06-26,336.0,340.15,344.95,337.45,2818.0,334.3244,1.0,0.0
2014-06-27,335.55,357.0,357.0,338.9,3923.0,335.7609,1.0,0.0
2014-06-30,342.8,348.95,374.4,368.8,19431.0,365.384,1.0,0.0
2014-07-01,366.05,374.0,399.9,384.95,30856.0,381.3844,1.0,0.0
2014-07-02,383.6,389.95,399.0,386.2,7607.0,382.6228,1.0,0.0
2014-07-03,380.55,390.0,390.0,389.75,2411.0,386.14,1.0,0.0
2014-07-04,376.0,389.95,390.0,378.65,2764.0,375.1428,1.0,0.0
2014-07-07,368.2,384.4,399.9,370.55,5551.0,367.1178,1.0,0.0
2014-07-08,352.5,365.0,370.0,360.45,1583.0,357.1113,1.0,0.0
2014-07-09,336.6,360.0,360.0,350.65,3826.0,347.4021,1.0,0.0
2014-07-10,334.6,350.65,361.0,358.9,3415.0,355.5757,1.0,0.0
2014-07-11,342.5,365.25,365.25,344.25,3529.0,341.0614,1.0,0.0
2014-07-14,340.0,344.25,350.0,348.3,3505.0,345.0739,1.0,0.0
2014-07-15,351.5,352.05,392.65,367.65,1747.0,364.2447,1.0,0.0
2014-07-16,360.2,392.65,392.65,368.85,2822.0,365.4335,1.0,0.0
2014-07-17,362.1,374.95,375.0,365.3,1580.0,361.9164,1.0,0.0
2014-07-18,366.0,375.0,375.0,368.55,2986.0,365.1363,1.0,0.0
2014-07-21,352.2,390.0,390.0,380.45,30014.0,376.9261,1.0,0.0
2014-07-22,370.05,388.0,393.0,373.95,12468.0,370.4863,1.0,0.0
2014-07-23,360.05,376.0,376.0,364.95,2299.0,361.5697,1.0,0.0
2014-07-24,351.0,367.0,380.0,354.2,4186.0,350.9192,1.0,0.0
2014-07-25,351.0,354.95,364.45,353.9,4706.0,350.622,1.0,0.0
2014-07-28,350.0,350.0,366.0,364.85,3785.0,361.4706,1.0,0.0
2014-07-30,353.05,359.85,365.0,360.85,3551.0,357.5076,1.0,0.0
2014-07-31,344.05,354.05,361.0,359.3,4533.0,355.972,1.0,0.0
2014-08-01,350.0,360.0,364.9,359.45,3033.0,356.1206,1.0,0.0
2014-08-04,355.0,356.05,365.0,355.95,3974.0,352.653,1.0,0.0
2014-08-05,359.1,364.35,365.0,359.45,4831.0,356.1206,1.0,0.0
2014-08-06,359.0,359.0,372.0,364.6,12627.0,361.223,1.0,0.0
2014-08-07,364.6,369.0,369.0,367.9,1100.0,364.4923,1.0,0.0
2014-08-08,341.05,364.0,370.0,369.75,3730.0,366.3252,1.0,0.0
2014-08-11,354.15,365.05,365.05,362.3,1131.0,358.9442,1.0,0.0
2014-08-12,362.15,382.35,382.35,374.4,60291.0,370.9321,1.0,0.0
2014-08-13,368.0,374.4,387.0,368.9,3844.0,365.4831,1.0,0.0
2014-08-14,363.95,380.0,380.1,368.45,9256.0,365.0372,1.0,0.0
2014-08-18,360.0,360.0,398.0,372.55,8836.0,369.0993,1.0,0.0
2014-08-19,370.05,379.45,394.05,389.1,4920.0,385.496,1.0,0.0
2014-08-20,383.0,393.45,399.95,386.95,3565.0,383.3659,1.0,0.0
2014-08-21,386.7,390.0,396.5,391.9,2897.0,388.27,1.0,0.0
2014-08-22,379.95,393.75,393.75,384.35,6992.0,380.79,1.0,0.0
2014-08-25,383.1,386.45,453.4,427.0,64704.0,423.0449,1.0,0.0
2014-08-26,413.0,424.7,455.0,425.0,49808.0,421.0634,1.0,0.0
2014-08-27,419.0,434.0,437.75,427.9,27509.0,423.9366,1.0,0.0
2014-08-28,423.6,427.9,474.0,457.0,22389.0,452.767,1.0,0.0
2014-09-01,457.0,477.0,504.0,495.4,26021.0,490.8114,1.0,0.0
2014-09-02,488.1,503.95,547.5,521.75,27156.0,516.9172,1.0,0.0
2014-09-03,483.5,524.95,528.0,497.0,24253.0,492.3965,1.0,0.0
2014-09-04,477.0,494.9,494.9,485.15,5413.0,480.6563,1.0,0.0
2014-09-05,493.8,493.8,559.7,540.15,114302.0,535.1469,1.0,0.0
2014-09-08,554.0,560.0,609.0,573.1,79322.0,567.7917,1.0,0.0
2014-09-09,541.0,584.0,585.0,557.8,26528.0,552.6334,1.0,0.0
2014-09-10,543.0,558.1,580.0,573.05,25567.0,567.7421,1.0,0.0
2014-09-11,558.0,578.75,585.0,563.8,4760.0,558.5779,1.0,0.0
2014-09-12,552.0,575.0,585.0,571.85,13134.0,566.5533,1.0,0.0
2014-09-15,558.5,571.85,584.0,576.65,12262.0,571.3088,1.0,0.0
2014-09-16,520.0,576.65,580.0,543.4,17868.0,538.3668,1.0,0.0
2014-09-17,515.0,543.4,572.0,532.1,12842.0,528.1434,1.0,0.0
2014-09-18,532.1,532.1,558.0,539.95,7418.0,535.935,1.0,0.0
2014-09-19,529.0,535.0,555.0,533.7,2783.0,529.7314,1.0,0.0
2014-09-22,525.4,550.0,551.0,529.5,6883.0,525.5627,1.0,0.0
2014-09-23,500.05,528.5,540.0,511.05,4053.0,507.2499,1.0,0.0
2014-09-24,477.1,512.45,519.55,510.15,9012.0,506.3566,1.0,0.0
2014-09-25,490.0,523.6,525.0,502.1,1839.0,498.3665,1.0,0.0
2014-09-26,495.95,512.0,520.0,512.5,1921.0,508.6891,1.0,0.0
2014-09-29,512.5,515.65,547.0,532.9,5090.0,528.9374,1.0,0.0
2014-09-30,516.5,533.0,539.8,534.8,9522.0,530.8233,1.0,0.0
2014-10-01,530.2,535.0,549.75,537.85,1580.0,533.8506,1.0,0.0
2014-10-07,510.05,510.05,544.95,535.05,7103.0,531.0715,1.0,0.0
2014-10-08,526.0,526.0,604.2,590.65,86762.0,586.2581,1.0,0.0
2014-10-09,553.0,593.9,605.0,579.55,13506.0,575.2404,1.0,0.0
2014-10-10,562.2,570.0,593.0,586.2,8830.0,581.8411,1.0,0.0
2014-10-13,570.0,584.95,604.8,598.75,4146.0,594.2978,1.0,0.0
2014-10-14,575.25,601.0,601.0,589.05,9199.0,584.6698,1.0,0.0
2014-10-15,589.05,589.05,589.05,589.05,0.0,584.6698,1.0,0.0
2014-10-16,545.0,580.05,593.0,558.65,7796.0,554.496,1.0,0.0
2014-10-17,556.0,558.65,576.5,559.3,807.0,555.1411,1.0,0.0
2014-10-20,545.05,594.95,594.95,551.6,7377.0,547.4984,1.0,0.0
2014-10-21,539.95,556.0,565.1,544.75,9587.0,540.6993,1.0,0.0
2014-10-22,566.0,569.7,637.4,576.65,32726.0,572.3621,1.0,0.0
2014-10-27,565.1,580.5,580.5,570.35,3991.0,566.1089,1.0,0.0
2014-10-28,572.0,594.45,594.45,576.15,1367.0,571.8658,1.0,0.0
2014-10-29,571.05,590.0,590.0,575.75,2979.0,571.4688,1.0,0.0
2014-10-30,575.0,575.0,589.9,584.65,3866.0,580.3027,1.0,0.0
2014-10-31,517.3,585.35,593.95,547.45,8484.0,543.3792,1.0,0.0
2014-11-03,499.2,545.0,545.0,539.95,13227.0,535.935,1.0,0.0
2014-11-05,521.0,526.05,548.95,532.1,11117.0,528.1434,1.0,0.0
2014-11-07,516.15,532.0,533.9,527.0,6221.0,523.0813,1.0,0.0
2014-11-10,527.0,530.0,542.45,539.5,3517.0,535.4883,1.0,0.0
2014-11-11,526.2,530.3,541.9,532.95,1374.0,528.9871,1.0,0.0
2014-11-12,525.0,530.0,541.0,529.75,1633.0,525.8109,1.0,0.0
2014-11-13,522.5,522.5,541.0,536.65,2078.0,532.6595,1.0,0.0
2014-11-14,527.05,538.95,568.7,543.85,323428.0,539.806,1.0,0.0
2014-11-17,536.7,545.0,572.0,542.85,6299.0,538.8134,1.0,0.0
2014-11-18,526.55,542.75,544.95,540.1,16909.0,536.0839,1.0,0.0
2014-11-19,528.55,540.1,548.0,538.95,4297.0,534.9424,1.0,0.0
2014-11-20,534.1,539.7,549.9,539.3,4530.0,535.2898,1.0,0.0
2014-11-21,533.9,541.7,548.95,535.2,17297.0,531.2203,1.0,0.0
2014-11-24,531.05,533.5,553.0,539.05,4954.0,535.0417,1.0,0.0
2014-11-25,525.6,530.6,544.9,538.55,7130.0,534.5454,1.0,0.0
2014-11-26,528.0,528.0,542.05,537.8,3036.0,533.801,1.0,0.0
2014-11-27,528.6,538.95,548.75,531.1,3160.0,527.1508,1.0,0.0
2014-11-28,525.0,527.2,538.0,528.9,6155.0,524.9672,1.0,0.0
2014-12-01,515.55,535.05,540.0,524.35,7831.0,520.451,1.0,0.0
2014-12-02,515.6,526.0,526.0,517.7,3219.0,513.8505,1.0,0.0
2014-12-03,517.0,517.7,534.9,518.95,8698.0,515.0911,1.0,0.0
2014-12-04,509.95,529.8,541.0,536.25,11401.0,532.2625,1.0,0.0
2014-12-05,524.2,540.35,547.0,531.5,4209.0,527.5478,1.0,0.0
2014-12-08,517.95,534.85,537.4,522.3,3052.0,518.4163,1.0,0.0
2014-12-09,465.5,521.05,531.45,504.8,7208.0,501.0463,1.0,0.0
2014-12-10,502.0,502.05,539.7,533.3,8285.0,529.3345,1.0,0.0
2014-12-11,525.5,540.05,541.0,533.35,2422.0,529.3841,1.0,0.0
2014-12-12,526.0,572.9,572.9,551.2,15317.0,547.1013,1.0,0.0
2014-12-15,510.0,554.0,554.45,532.0,4570.0,528.0442,1.0,0.0
2014-12-16,511.0,539.45,539.45,515.15,6940.0,511.3195,1.0,0.0
2014-12-17,501.0,515.0,548.95,535.0,14520.0,531.0218,1.0,0.0
2014-12-18,519.55,531.0,540.0,524.05,2115.0,520.1532,1.0,0.0
2014-12-19,511.05,528.0,559.85,542.3,6171.0,538.2675,1.0,0.0
2014-12-22,516.1,563.0,563.0,539.0,5151.0,534.9921,1.0,0.0
2014-12-23,521.05,535.0,538.85,530.6,3144.0,526.6545,1.0,0.0
2014-12-24,522.05,529.95,532.0,526.85,333.0,522.9324,1.0,0.0
2014-12-26,525.0,525.0,552.0,530.3,4757.0,526.3568,1.0,0.0
2014-12-29,527.0,534.05,547.0,542.0,2914.0,537.9697,1.0,0.0
2014-12-30,531.1,541.0,559.2,535.3,6771.0,531.3195,1.0,0.0
2014-12-31,531.0,538.85,545.0,535.85,5549.0,531.8654,1.0,0.0
2015-01-01,534.5,539.95,548.0,539.55,1537.0,535.538,1.0,0.0
2015-01-02,535.0,543.0,551.9,536.5,3551.0,532.5107,1.0,0.0
2015-01-05,541.0,557.0,557.0,551.9,9011.0,547.7961,1.0,0.0
2015-01-06,532.0,548.0,548.0,538.05,2324.0,534.0491,1.0,0.0
2015-01-07,525.0,540.05,544.95,532.2,11996.0,528.2427,1.0,0.0
2015-01-08,525.1,539.95,539.95,528.85,7697.0,524.9175,1.0,0.0
2015-01-09,522.05,529.0,538.4,526.6,3703.0,522.6842,1.0,0.0
2015-01-12,507.05,531.05,536.75,524.5,4280.0,520.5999,1.0,0.0
2015-01-13,518.0,521.15,529.9,524.15,4109.0,520.2525,1.0,0.0
2015-01-14,506.0,524.0,527.9,511.2,4087.0,507.3988,1.0,0.0
2015-01-15,518.0,518.0,547.9,534.7,8346.0,530.7241,1.0,0.0
2015-01-16,527.5,556.9,556.9,539.9,1924.0,535.8854,1.0,0.0
2015-01-19,495.0,531.35,542.0,506.35,16164.0,502.5848,1.0,0.0
2015-01-20,499.0,513.9,522.95,501.7,13470.0,497.9695,1.0,0.0
2015-01-21,487.0,505.05,514.9,497.15,10374.0,493.4532,1.0,0.0
2015-01-22,505.0,509.95,532.0,525.8,14287.0,521.8902,1.0,0.0
2015-01-23,525.0,584.15,594.95,536.0,101853.0,532.0143,1.0,0.0
2015-01-27,519.3,545.95,560.0,521.95,18498.0,518.0688,1.0,0.0
2015-01-28,519.05,522.0,531.95,527.45,54531.0,523.528,1.0,0.0
2015-01-29,516.15,529.2,540.0,535.1,6393.0,531.1211,1.0,0.0
2015-01-30,516.15,549.95,549.95,525.2,5179.0,521.2947,1.0,0.0
2015-02-02,523.0,529.8,538.0,534.25,3982.0,530.2773,1.0,0.0
2015-02-03,525.0,539.65,542.0,529.65,6775.0,525.7117,1.0,0.0
2015-02-04,517.55,525.9,530.0,525.5,7604.0,521.5924,1.0,0.0
2015-02-05,519.45,529.95,530.0,525.15,4881.0,521.245,1.0,0.0
2015-02-06,512.05,512.05,529.85,526.6,5860.0,522.6842,1.0,0.0
2015-02-09,500.05,512.05,525.0,518.15,1710.0,514.2971,1.0,0.0
2015-02-10,520.0,525.85,526.0,520.0,2049.0,516.1334,1.0,0.0
2015-02-11,520.0,521.1,558.2,550.3,20214.0,546.2079,1.0,0.0
2015-02-12,531.15,550.3,558.95,550.5,5558.0,546.4065,1.0,0.0
2015-02-13,534.0,554.95,555.0,547.2,1793.0,543.1311,1.0,0.0
2015-02-16,533.95,545.1,550.0,547.4,3276.0,543.3296,1.0,0.0
2015-02-18,525.1,531.3,559.0,556.3,8516.0,552.1634,1.0,0.0
2015-02-19,545.25,550.0,588.9,582.2,10472.0,577.8709,1.0,0.0
2015-02-20,572.85,577.55,587.0,582.2,3664.0,577.8709,1.0,0.0
2015-02-23,588.95,589.0,650.0,642.7,65610.0,637.921,1.0,0.0
2015-02-24,613.95,637.0,641.95,618.75,13220.0,614.149,1.0,0.0
2015-02-25,590.1,616.5,630.0,602.9,7305.0,598.4169,1.0,0.0
2015-02-26,565.95,602.05,628.0,572.95,14907.0,568.6896,1.0,0.0
2015-02-27,576.0,589.9,589.9,578.8,14345.0,574.4961,1.0,0.0
2015-02-28,0.0,0.0,0.0,0.0,0.0,0.0,1.0,0.0
2015-03-02,562.55,595.0,595.0,573.9,6816.0,569.6326,1.0,0.0
2015-03-03,555.0,565.0,607.0,562.4,8209.0,558.2181,1.0,0.0
2015-03-04,552.0,570.0,589.9,555.35,6186.0,551.2205,1.0,0.0
2015-03-05,555.5,577.0,578.0,569.35,19245.0,565.1164,1.0,0.0
2015-03-09,550.0,567.05,583.0,551.3,4711.0,547.2006,1.0,0.0
2015-03-10,545.8,545.8,560.0,551.25,4844.0,547.1511,1.0,0.0
2015-03-11,544.75,544.8,564.25,554.15,2302.0,550.0294,1.0,0.0
2015-03-12,545.0,554.0,560.0,555.2,3680.0,551.0717,1.0,0.0
2015-03-13,535.0,559.0,559.0,539.15,6903.0,535.1409,1.0,0.0
2015-03-16,527.35,531.0,558.4,542.15,2687.0,538.1187,1.0,0.0
2015-03-17,540.0,558.85,558.9,546.05,1758.0,541.9896,1.0,0.0
2015-03-18,524.0,540.25,554.0,535.4,55380.0,531.4189,1.0,0.0
2015-03-19,529.5,536.55,546.95,530.1,6671.0,526.1582,1.0,0.0
2015-03-20,525.0,531.05,535.9,530.65,10404.0,526.7042,1.0,0.0
2015-03-23,515.0,532.55,540.0,525.95,60929.0,522.0392,1.0,0.0
2015-03-24,520.55,525.0,543.95,534.4,4991.0,530.4263,1.0,0.0
2015-03-25,518.0,530.6,535.0,525.0,3209.0,521.0963,1.0,0.0
2015-03-26,515.25,515.25,532.0,527.5,1287.0,523.5776,1.0,0.0
2015-03-27,520.0,525.05,537.9,527.75,3333.0,523.8257,1.0,0.0
2015-03-30,528.5,528.6,540.8,537.15,2079.0,533.1558,1.0,0.0
2015-03-31,538.0,538.0,596.8,567.95,25160.0,563.7268,1.0,0.0
2015-04-01,552.25,579.0,579.0,561.0,2662.0,556.8284,1.0,0.0
2015-04-06,541.0,550.0,565.0,562.5,2291.0,558.3173,1.0,0.0
2015-04-07,543.0,562.05,563.95,544.6,4768.0,540.5504,1.0,0.0
2015-04-08,532.0,550.05,559.0,552.0,7882.0,547.8954,1.0,0.0
2015-04-09,552.05,553.5,570.05,561.45,5863.0,557.2752,1.0,0.0
2015-04-10,543.45,543.45,574.9,560.15,63473.0,555.9848,1.0,0.0
2015-04-13,550.0,550.05,567.95,565.0,7436.0,560.7987,1.0,0.0
2015-04-15,560.0,574.95,580.0,563.7,12953.0,559.5084,1.0,0.0
2015-04-16,546.0,546.0,569.8,567.4,3645.0,563.1809,1.0,0.0
2015-04-17,555.0,562.05,570.1,560.2,23577.0,556.0345,1.0,0.0
2015-04-20,555.0,555.0,583.35,576.85,16943.0,572.5605,1.0,0.0
2015-04-21,557.3,575.0,579.95,559.7,3329.0,555.5381,1.0,0.0
2015-04-22,553.95,557.25,574.95,570.25,1986.0,566.0097,1.0,0.0
2015-04-23,560.1,560.15,569.25,562.0,774.0,557.8211,1.0,0.0
2015-04-24,533.25,569.95,570.0,546.9,3695.0,542.8334,1.0,0.0
2015-04-27,495.55,542.05,542.05,522.7,10310.0,518.8133,1.0,0.0
2015-04-28,508.7,508.75,525.0,524.95,2507.0,521.0465,1.0,0.0
2015-04-29,527.1,528.9,538.05,535.65,8034.0,531.667,1.0,0.0
2015-04-30,526.1,537.9,557.2,552.45,2130.0,548.342,1.0,0.0
2015-05-04,541.1,565.15,578.05,551.35,8133.0,547.2502,1.0,0.0
2015-05-05,535.6,556.0,574.5,545.3,13249.0,541.2452,1.0,0.0
2015-05-06,520.1,559.85,559.9,532.2,1947.0,528.2427,1.0,0.0
2015-05-07,501.0,515.15,532.65,510.25,16219.0,506.4558,1.0,0.0
2015-05-08,510.15,510.15,525.0,514.15,2721.0,510.3268,1.0,0.0
2015-05-11,518.95,522.0,538.0,528.45,3582.0,524.5204,1.0,0.0
2015-05-12,525.7,530.15,545.05,534.9,5867.0,530.9226,1.0,0.0
2015-05-13,532.1,538.9,538.9,534.75,5805.0,530.7737,1.0,0.0
2015-05-14,520.25,526.55,565.0,539.55,4322.0,535.538,1.0,0.0
2015-05-15,522.0,532.05,546.7,526.75,9206.0,522.8331,1.0,0.0
2015-05-18,515.65,528.1,542.8,524.3,22945.0,520.4014,1.0,0.0
2015-05-19,520.0,525.3,535.0,524.1,15028.0,520.2028,1.0,0.0
2015-05-20,521.0,521.6,535.05,527.75,2073.0,523.8257,1.0,0.0
2015-05-21,518.0,521.55,534.75,520.0,19124.0,516.1334,1.0,0.0
2015-05-22,515.0,518.05,529.45,521.7,1401.0,517.8207,1.0,0.0
2015-05-25,517.1,520.05,531.5,521.7,22736.0,517.8207,1.0,0.0
2015-05-26,514.55,514.6,526.0,525.0,1367.0,521.0963,1.0,0.0
2015-05-27,513.05,524.8,524.8,515.75,7699.0,511.9149,1.0,0.0
2015-05-28,495.0,528.9,528.95,501.95,7551.0,498.2176,1.0,0.0
2015-05-29,489.9,518.0,520.0,499.1,10463.0,495.3888,1.0,0.0
2015-06-01,492.05,517.9,517.95,496.25,3413.0,492.5599,1.0,0.0
2015-06-02,464.2,500.95,500.95,468.2,12535.0,464.7186,1.0,0.0
2015-06-03,458.0,468.6,484.8,470.35,10712.0,466.8526,1.0,0.0
2015-06-04,470.0,470.05,485.0,480.15,3502.0,476.5797,1.0,0.0
2015-06-05,471.1,491.85,491.85,473.9,928.0,470.3761,1.0,0.0
2015-06-08,466.05,475.0,491.8,485.1,6736.0,481.4928,1.0,0.0
2015-06-09,465.7,470.2,487.35,479.9,7308.0,476.3315,1.0,0.0
2015-06-10,452.05,472.6,479.35,472.2,5049.0,468.6888,1.0,0.0
2015-06-11,467.1,484.0,484.0,470.65,16728.0,467.1503,1.0,0.0
2015-06-12,455.05,466.0,477.9,470.15,5261.0,466.654,1.0,0.0
2015-06-15,471.55,479.5,485.0,478.0,2556.0,474.4456,1.0,0.0
2015-06-16,470.5,475.05,482.0,477.75,2265.0,474.1975,1.0,0.0
2015-06-17,459.0,482.0,492.0,470.0,25240.0,466.5052,1.0,0.0
2015-06-18,467.3,475.05,482.0,470.65,6297.0,467.1503,1.0,0.0
2015-06-19,450.0,468.1,468.1,458.35,4781.0,454.9417,1.0,0.0
2015-06-22,434.5,457.0,520.0,453.8,10396.0,450.4256,1.0,0.0
2015-06-23,453.6,458.05,460.05,455.2,14705.0,451.8152,1.0,0.0
2015-06-24,453.0,459.9,489.0,475.3,4481.0,471.7657,1.0,0.0
2015-06-25,460.0,477.0,486.95,478.4,4498.0,474.8427,1.0,0.0
2015-06-26,460.35,465.2,485.0,473.85,7491.0,470.3265,1.0,0.0
2015-06-29,455.7,457.9,471.05,465.9,3875.0,462.4356,1.0,0.0
2015-06-30,460.15,460.15,499.7,493.4,4745.0,489.7311,1.0,0.0
2015-07-01,480.1,505.0,507.0,482.9,2112.0,479.3093,1.0,0.0
2015-07-02,477.0,484.95,498.8,489.5,2807.0,485.8601,1.0,0.0
2015-07-03,481.8,499.2,503.8,500.4,6630.0,496.679,1.0,0.0
2015-07-06,482.5,482.55,505.0,494.85,3363.0,491.1704,1.0,0.0
2015-07-07,485.3,485.35,508.95,489.2,2566.0,485.5624,1.0,0.0
2015-07-08,439.35,475.05,495.0,465.2,16619.0,461.7408,1.0,0.0
2015-07-09,461.15,474.4,489.8,468.45,5486.0,464.9667,1.0,0.0
2015-07-10,468.0,477.75,484.8,473.15,14113.0,469.6317,1.0,0.0
2015-07-13,467.0,482.5,482.55,474.0,31603.0,470.4754,1.0,0.0
2015-07-14,466.05,467.05,490.95,486.85,34962.0,483.2299,1.0,0.0
2015-07-15,482.75,486.05,557.4,538.05,49702.0,534.0491,1.0,0.0
2015-07-16,547.95,548.0,575.55,555.55,34550.0,551.4189,1.0,0.0
2015-07-17,550.0,560.0,575.0,553.1,14499.0,548.9872,1.0,0.0
2015-07-20,550.0,565.05,568.0,555.8,11441.0,551.6671,1.0,0.0
2015-07-21,521.0,566.0,566.0,529.35,7773.0,525.4138,1.0,0.0
2015-07-22,529.95,538.95,539.0,538.95,3763.0,534.9424,1.0,0.0
2015-07-23,536.5,548.45,561.9,548.9,5730.0,544.8185,1.0,0.0
2015-07-24,528.15,558.95,559.0,532.3,4165.0,528.3419,1.0,0.0
2015-07-27,531.5,540.05,549.9,535.05,4387.0,531.0715,1.0,0.0
2015-07-28,530.0,535.05,545.7,532.15,2939.0,528.193,1.0,0.0
2015-07-29,520.0,540.0,540.0,523.9,4403.0,520.0044,1.0,0.0
2015-07-30,505.6,520.0,525.0,510.75,14667.0,506.9521,1.0,0.0
2015-07-31,510.0,520.95,530.05,518.25,12471.0,514.3964,1.0,0.0
2015-08-03,515.0,520.0,553.95,545.2,9760.0,541.1459,1.0,0.0
2015-08-04,532.0,553.0,580.1,563.1,9101.0,558.9128,1.0,0.0
2015-08-05,551.55,567.95,573.9,570.1,9857.0,565.8608,1.0,0.0
2015-08-06,557.1,557.25,574.15,570.75,10649.0,566.5059,1.0,0.0
2015-08-07,556.15,572.0,572.05,558.4,4573.0,554.2479,1.0,0.0
2015-08-10,540.0,542.5,566.0,540.85,5110.0,536.8282,1.0,0.0
2015-08-11,521.0,549.75,549.8,527.2,4255.0,523.2798,1.0,0.0
2015-08-12,515.0,535.0,535.0,519.35,3344.0,515.4881,1.0,0.0
2015-08-13,515.0,539.9,539.9,518.6,3088.0,514.7438,1.0,0.0
2015-08-14,515.05,515.1,540.5,529.3,1273.0,525.3642,1.0,0.0
2015-08-17,528.95,529.0,538.95,535.05,555.0,531.0715,1.0,0.0
2015-08-18,523.0,544.95,555.0,538.95,2566.0,534.9424,1.0,0.0
2015-08-19,531.95,532.0,550.0,546.4,3496.0,542.3371,1.0,0.0
2015-08-20,530.25,545.45,550.0,535.5,2866.0,531.5181,1.0,0.0
2015-08-21,520.0,525.05,534.5,524.95,4999.0,521.0465,1.0,0.0
2015-08-24,484.05,520.0,520.0,494.5,10201.0,490.823,1.0,0.0
2015-08-25,455.0,475.5,499.9,474.75,13101.0,471.2198,1.0,0.0
2015-08-26,470.0,496.65,497.0,473.1,6273.0,469.5821,1.0,0.0
2015-08-27,474.0,474.0,515.0,502.6,5865.0,498.8628,1.0,0.0
2015-08-28,480.6,505.3,519.9,489.85,8736.0,486.2075,1.0,0.0
2015-08-31,480.0,494.3,503.0,483.8,5050.0,480.2025,1.0,0.0
2015-09-01,469.95,480.35,496.9,492.5,2963.0,488.8378,1.0,0.0
2015-09-02,470.1,495.0,495.0,477.65,1987.0,474.0982,1.0,0.0
2015-09-03,472.0,479.3,484.95,476.1,3172.0,472.5598,1.0,0.0
2015-09-04,460.0,476.1,484.2,475.25,1920.0,471.7161,1.0,0.0
2015-09-07,460.0,482.0,485.0,462.4,1104.0,458.9616,1.0,0.0
2015-09-08,460.0,464.95,480.0,476.3,1684.0,472.7583,1.0,0.0
2015-09-09,471.0,479.0,488.9,476.0,945.0,472.4606,1.0,0.0
2015-09-10,460.6,489.85,489.85,472.4,1843.0,468.8873,1.0,0.0
2015-09-11,470.1,475.0,479.85,472.65,1504.0,469.1354,1.0,0.0
2015-09-14,470.1,471.3,504.0,502.5,10284.0,498.7635,1.0,0.0
2015-09-15,480.0,489.0,502.15,481.0,1751.0,477.4233,1.0,0.0
2015-09-16,482.5,482.8,500.0,492.6,1644.0,488.9371,1.0,0.0
2015-09-18,482.05,497.95,498.0,486.95,1950.0,483.3291,1.0,0.0
2015-09-21,485.0,499.0,504.8,500.0,2355.0,497.8156,1.0,0.0
2015-09-22,493.0,509.95,511.9,493.35,2091.0,491.1946,1.0,0.0
2015-09-23,485.0,485.6,508.0,507.55,1362.0,505.3326,1.0,0.0
2015-09-24,490.65,508.0,527.9,519.65,2998.0,517.3798,1.0,0.0
2015-09-28,504.95,524.95,525.95,505.75,2643.0,503.5404,1.0,0.0
2015-09-29,501.0,513.65,525.0,523.4,2091.0,521.1133,1.0,0.0
2015-09-30,494.95,510.65,519.95,499.05,15794.0,496.8697,1.0,0.0
2015-10-01,487.5,514.0,514.0,489.4,4815.0,487.2618,1.0,0.0
2015-10-05,490.1,506.0,508.0,503.35,1859.0,501.1509,1.0,0.0
2015-10-06,491.1,507.95,515.8,495.4,2594.0,493.2357,1.0,0.0
2015-10-07,490.0,496.05,504.9,499.9,2992.0,497.7159,1.0,0.0
2015-10-08,496.0,500.0,508.0,499.75,19100.0,497.5666,1.0,0.0
2015-10-09,493.0,507.95,520.0,498.7,5480.0,496.5212,1.0,0.0
2015-10-12,496.0,506.9,509.2,501.85,4283.0,499.6575,1.0,0.0
2015-10-13,493.0,504.95,515.0,499.4,4169.0,497.2182,1.0,0.0
2015-10-14,487.0,504.9,505.9,499.45,3299.0,497.2679,1.0,0.0
2015-10-15,496.3,496.35,518.0,509.9,5085.0,507.6723,1.0,0.0
2015-10-16,490.1,517.8,517.85,495.0,4099.0,492.8374,1.0,0.0
2015-10-19,473.6,500.0,500.0,488.15,6342.0,486.0173,1.0,0.0
2015-10-20,476.05,494.95,499.9,482.8,3266.0,480.6907,1.0,0.0
2015-10-21,483.95,485.05,492.7,487.1,1075.0,484.9719,1.0,0.0
2015-10-23,489.15,502.85,502.85,500.0,2262.0,497.8156,1.0,0.0
2015-10-26,482.0,504.95,504.95,486.05,2559.0,483.9265,1.0,0.0
2015-10-27,476.0,491.7,499.95,487.35,2486.0,485.2208,1.0,0.0
2015-10-28,485.0,498.0,510.0,488.7,3691.0,486.565,1.0,0.0
2015-10-29,484.0,491.95,500.0,498.25,5507.0,496.0732,1.0,0.0
2015-10-30,471.0,499.85,505.0,485.2,2447.0,483.0802,1.0,0.0
2015-11-02,470.0,484.1,484.1,470.95,6991.0,468.8925,1.0,0.0
2015-11-03,465.25,487.95,488.0,471.65,2615.0,469.5894,1.0,0.0
2015-11-04,465.0,476.95,488.0,483.7,3390.0,481.5868,1.0,0.0
2015-11-05,467.0,480.0,484.9,469.05,4524.0,467.0007,1.0,0.0
2015-11-06,437.0,470.15,475.0,445.45,20226.0,443.5039,1.0,0.0
2015-11-09,440.0,451.05,479.9,450.35,7973.0,448.3825,1.0,0.0
2015-11-10,425.0,459.45,459.45,439.6,5978.0,437.6794,1.0,0.0
2015-11-13,440.0,452.9,477.9,467.5,1730.0,465.4575,1.0,0.0
2015-11-16,451.1,476.0,476.0,460.35,2375.0,458.3388,1.0,0.0
2015-11-17,439.0,455.55,470.0,445.85,3675.0,443.9021,1.0,0.0
2015-11-18,438.0,440.05,450.0,442.2,6338.0,440.2681,1.0,0.0
2015-11-19,435.35,450.0,469.95,440.3,4670.0,438.3764,1.0,0.0
2015-11-20,440.0,449.85,462.0,454.7,5191.0,452.7135,1.0,0.0
2015-11-23,432.0,451.85,455.0,439.25,53088.0,437.331,1.0,0.0
2015-11-24,436.3,446.85,454.0,449.4,3124.0,447.4366,1.0,0.0
2015-11-26,440.15,450.05,459.0,457.05,4000.0,455.0532,1.0,0.0
2015-11-27,451.45,460.0,460.0,459.15,1288.0,457.144,1.0,0.0
2015-11-30,453.4,455.0,464.75,460.0,1959.0,457.9903,1.0,0.0
2015-12-01,451.35,465.0,465.0,454.9,11714.0,452.9126,1.0,0.0
2015-12-02,448.45,461.0,470.0,453.55,6984.0,451.5685,1.0,0.0
2015-12-03,451.1,460.0,463.0,458.65,9060.0,456.6462,1.0,0.0
2015-12-04,460.0,464.0,475.0,473.25,4859.0,471.1824,1.0,0.0
2015-12-07,469.0,483.65,485.7,471.2,3489.0,469.1414,1.0,0.0
2015-12-08,468.0,478.85,478.9,471.55,2599.0,469.4898,1.0,0.0
2015-12-09,454.0,468.0,468.0,458.3,1690.0,456.2977,1.0,0.0
2015-12-10,440.65,451.05,457.45,443.6,4480.0,441.662,1.0,0.0
2015-12-11,436.05,445.05,450.0,444.25,5474.0,442.3091,1.0,0.0
2015-12-14,444.0,455.0,455.0,448.95,1235.0,446.9886,1.0,0.0
2015-12-15,442.5,455.0,455.0,449.35,1287.0,447.3869,1.0,0.0
2015-12-16,442.7,442.75,455.0,447.85,2538.0,445.8934,1.0,0.0
2015-12-17,442.4,443.0,465.0,459.6,2811.0,457.5921,1.0,0.0
2015-12-18,452.0,456.1,468.0,454.35,4016.0,452.365,1.0,0.0
2015-12-21,458.0,463.0,475.0,469.3,6795.0,467.2497,1.0,0.0
2015-12-22,465.25,465.25,480.1,477.15,2641.0,475.0654,1.0,0.0
2015-12-23,467.95,467.95,494.0,489.1,3150.0,486.9632,1.0,0.0
2015-12-24,525.0,525.0,586.9,586.3,591197.0,583.7385,1.0,0.0
2015-12-28,567.35,591.5,639.5,615.4,466258.0,612.7114,1.0,0.0
2015-12-29,611.5,617.9,659.0,651.25,311460.0,648.4047,1.0,0.0
2015-12-30,647.1,655.0,684.9,656.2,321535.0,653.3331,1.0,0.0
2015-12-31,632.2,657.9,668.75,640.7,68393.0,637.9009,1.0,0.0
2016-01-01,614.05,636.0,644.0,617.35,26961.0,614.6528,1.0,0.0
2016-01-04,578.2,624.0,630.0,584.5,32305.0,581.9464,1.0,0.0
2016-01-05,575.0,585.0,593.5,579.35,12609.0,576.8188,1.0,0.0
2016-01-06,560.1,580.0,587.85,565.85,20313.0,563.3779,1.0,0.0
2016-01-07,525.15,560.0,560.0,541.85,30704.0,539.4827,1.0,0.0
2016-01-08,540.0,541.85,557.0,548.75,24671.0,546.3525,1.0,0.0
2016-01-11,525.2,547.0,585.0,579.15,20750.0,576.6198,1.0,0.0
2016-01-12,580.5,584.8,619.9,585.1,125300.0,582.5437,1.0,0.0
2016-01-13,538.0,593.7,593.75,551.6,14788.0,549.1901,1.0,0.0
2016-01-14,529.95,541.05,544.5,543.55,8666.0,541.1753,1.0,0.0
2016-01-15,523.0,559.65,559.7,527.5,9751.0,525.1954,1.0,0.0
2016-01-18,524.0,524.0,550.0,537.95,11791.0,535.5997,1.0,0.0
2016-01-19,527.15,527.15,580.0,564.05,21162.0,561.5857,1.0,0.0
2016-01-20,540.0,547.3,564.0,553.75,11660.0,551.3307,1.0,0.0
2016-01-21,550.0,563.95,566.0,563.35,21164.0,560.8887,1.0,0.0
2016-01-22,542.25,558.0,576.0,548.65,3599.0,546.253,1.0,0.0
2016-01-25,540.0,557.9,557.9,545.45,2960.0,543.067,1.0,0.0
2016-01-27,540.1,546.0,557.85,552.4,3305.0,549.9866,1.0,0.0
2016-01-28,541.5,552.95,570.0,561.55,2877.0,559.0966,1.0,0.0
2016-01-29,554.05,560.6,610.0,599.15,15660.0,596.5324,1.0,0.0
2016-02-01,570.1,607.15,615.0,572.15,3344.0,569.6505,1.0,0.0
2016-02-02,563.55,583.9,598.8,572.3,5288.0,569.7996,1.0,0.0
2016-02-03,556.0,576.0,576.0,571.15,2677.0,568.6547,1.0,0.0
2016-02-04,564.2,576.0,576.05,569.8,2268.0,567.3106,1.0,0.0
2016-02-05,560.05,560.05,580.0,565.85,1123.0,563.3779,1.0,0.0
2016-02-08,567.9,569.95,588.9,581.35,8239.0,578.8101,1.0,0.0
2016-02-09,559.95,560.0,576.6,573.65,5919.0,571.1438,1.0,0.0
2016-02-10,539.85,565.0,566.0,541.55,10112.0,539.1841,1.0,0.0
2016-02-11,496.0,535.0,543.8,501.0,103795.0,498.8112,1.0,0.0
2016-02-12,499.0,500.05,514.95,501.0,36255.0,498.8112,1.0,0.0
2016-02-15,488.6,501.0,520.0,510.5,4135.0,508.2697,1.0,0.0
2016-02-16,484.0,502.95,513.9,489.8,1728.0,487.6601,1.0,0.0
2016-02-17,440.0,489.0,502.95,492.95,11725.0,490.7963,1.0,0.0
2016-02-18,475.0,491.05,503.0,481.65,2101.0,479.5457,1.0,0.0
2016-02-19,452.15,501.0,501.0,463.6,3531.0,461.5746,1.0,0.0
2016-02-22,445.2,465.1,472.0,456.3,776.0,454.3065,1.0,0.0
2016-02-23,450.0,466.6,466.6,458.5,1129.0,456.4969,1.0,0.0
2016-02-24,437.35,474.95,474.95,449.65,3320.0,447.6855,1.0,0.0
2016-02-25,445.25,469.95,470.0,457.2,2099.0,455.2025,1.0,0.0
2016-02-26,436.2,454.05,454.05,448.7,12779.0,446.7397,1.0,0.0
2016-02-29,438.5,442.05,467.6,441.85,2246.0,439.9196,1.0,0.0
2016-03-01,448.3,454.0,499.8,486.25,4888.0,484.1256,1.0,0.0
2016-03-02,494.95,495.0,514.0,500.0,18114.0,497.8156,1.0,0.0
2016-03-03,490.15,520.0,520.0,515.3,3679.0,513.0487,1.0,0.0
2016-03-04,510.0,515.15,550.0,538.8,5817.0,536.446,1.0,0.0
2016-03-08,525.1,544.5,545.0,528.3,828.0,525.9918,1.0,0.0
2016-03-09,516.0,528.3,528.3,524.0,268.0,521.7108,1.0,0.0
2016-03-10,501.2,516.05,517.0,503.3,1034.0,501.1011,1.0,0.0
2016-03-11,481.0,519.75,533.0,492.7,1399.0,490.5475,1.0,0.0
2016-03-14,482.55,492.0,518.95,486.5,1682.0,484.3745,1.0,0.0
2016-03-15,452.3,490.05,502.8,462.75,73753.0,460.7283,1.0,0.0
2016-03-16,450.0,473.55,475.95,455.6,27637.0,453.6096,1.0,0.0
2016-03-17,456.55,456.55,476.5,468.6,15578.0,466.5528,1.0,0.0
2016-03-18,455.05,474.0,474.0,467.05,7038.0,465.0095,1.0,0.0
2016-03-21,444.4,465.0,470.05,451.5,81685.0,449.5275,1.0,0.0
2016-03-22,454.05,460.9,464.85,456.25,1457.0,454.2567,1.0,0.0
2016-03-23,455.2,462.0,467.95,460.05,701.0,458.0401,1.0,0.0
2016-03-28,457.6,467.95,468.0,461.0,1033.0,460.1361,1.0,0.0
2016-03-29,445.55,466.95,467.0,451.65,1731.0,450.8037,1.0,0.0
2016-03-30,451.0,463.95,471.95,464.1,1752.0,463.2303,1.0,0.0
2016-03-31,461.75,464.1,478.95,470.15,3081.0,469.269,1.0,0.0
2016-04-01,465.0,470.0,475.0,467.4,1383.0,466.5241,1.0,0.0
2016-04-04,470.0,474.75,480.0,473.3,1392.0,472.4131,1.0,0.0
2016-04-05,460.15,462.0,488.0,476.85,1049.0,475.9564,1.0,0.0
2016-04-06,478.0,479.95,483.95,480.8,1567.0,479.899,1.0,0.0
2016-04-07,475.0,483.0,490.0,487.65,812.0,486.7362,1.0,0.0
2016-04-08,480.25,494.95,499.0,494.55,1062.0,493.6232,1.0,0.0
2016-04-11,485.0,500.0,500.0,492.25,1146.0,491.3276,1.0,0.0
2016-04-12,492.05,500.0,505.0,500.05,1721.0,499.1129,1.0,0.0
2016-04-13,497.2,508.95,524.95,513.95,3679.0,512.987,1.0,0.0
2016-04-18,500.0,505.0,518.0,507.75,295.0,506.7985,1.0,0.0
2016-04-20,501.05,501.05,526.95,508.8,4387.0,507.8466,1.0,0.0
2016-04-21,505.1,505.1,526.0,516.65,1872.0,515.6819,1.0,0.0
2016-04-22,507.85,507.9,519.9,513.1,10295.0,512.1385,1.0,0.0
2016-04-25,505.0,510.05,535.0,528.85,5807.0,527.8589,1.0,0.0
2016-04-26,525.0,528.0,550.0,538.6,1526.0,537.5907,1.0,0.0
2016-04-27,539.0,544.95,552.0,551.4,9079.0,550.3668,1.0,0.0
2016-04-28,525.0,554.95,560.0,530.75,8122.0,529.7555,1.0,0.0
2016-04-29,526.4,545.35,545.35,538.0,1496.0,536.9918,1.0,0.0
2016-05-02,520.0,523.45,544.35,525.25,5499.0,524.2658,1.0,0.0
2016-05-03,515.0,520.6,536.9,518.85,46069.0,517.8777,1.0,0.0
2016-05-04,510.5,515.0,529.0,515.25,1423.0,514.2845,1.0,0.0
2016-05-05,518.0,529.35,530.0,520.2,831.0,519.2252,1.0,0.0
2016-05-06,512.0,512.45,523.3,514.15,262.0,513.1866,1.0,0.0
2016-05-09,510.0,510.0,522.0,515.0,13553.0,514.0349,1.0,0.0
2016-05-10,511.05,515.05,539.8,521.85,6492.0,520.8721,1.0,0.0
2016-05-11,506.05,529.9,529.95,515.1,1711.0,514.1348,1.0,0.0
2016-05-12,507.0,524.9,524.9,515.5,7704.0,514.5341,1.0,0.0
2016-05-13,500.0,509.65,511.0,503.8,621.0,502.8559,1.0,0.0
2016-05-16,500.5,501.0,508.4,504.05,424.0,503.1054,1.0,0.0
2016-05-17,501.0,504.4,504.5,503.95,3724.0,503.0057,1.0,0.0
2016-05-18,500.0,504.5,520.05,500.1,13247.0,499.1629,1.0,0.0
2016-05-19,515.3,530.1,585.0,520.55,28533.0,519.5745,1.0,0.0
2016-05-20,511.5,527.5,527.5,515.55,1794.0,514.5839,1.0,0.0
2016-05-23,506.8,510.5,519.4,514.9,6226.0,513.9352,1.0,0.0
2016-05-24,501.05,508.45,539.0,521.7,540729.0,520.7224,1.0,0.0
2016-05-25,510.0,542.45,542.45,510.75,5005.0,509.7929,1.0,0.0
2016-05-26,505.0,505.1,531.6,518.7,1102.0,517.728,1.0,0.0
2016-05-27,507.1,519.95,525.0,509.15,8723.0,508.1959,1.0,0.0
2016-05-30,495.0,501.0,508.4,498.0,6303.0,497.0668,1.0,0.0
2016-05-31,492.0,498.05,505.9,496.6,1187.0,495.6694,1.0,0.0
2016-06-01,493.0,499.95,505.0,498.7,12992.0,497.7655,1.0,0.0
2016-06-02,475.45,493.1,494.9,487.9,14153.0,486.9857,1.0,0.0
2016-06-03,490.0,490.45,510.3,496.45,39489.0,495.5197,1.0,0.0
2016-06-06,490.05,509.95,509.95,496.15,2486.0,495.2203,1.0,0.0
2016-06-07,491.0,493.1,501.95,498.2,2670.0,497.2664,1.0,0.0
2016-06-08,490.0,509.35,509.35,491.4,2099.0,490.4792,1.0,0.0
2016-06-09,487.75,491.05,498.0,490.0,7688.0,489.0818,1.0,0.0
2016-06-10,482.0,495.0,496.95,485.65,2097.0,484.74,1.0,0.0
2016-06-13,466.1,486.05,489.95,479.25,3330.0,478.3519,1.0,0.0
2016-06-14,476.0,493.35,493.4,479.35,1418.0,478.4518,1.0,0.0
2016-06-15,460.0,489.9,489.9,465.8,9619.0,464.9272,1.0,0.0
2016-06-16,452.0,470.05,471.5,454.35,9306.0,453.4986,1.0,0.0
2016-06-17,442.0,452.45,468.4,449.15,15011.0,448.3084,1.0,0.0
2016-06-20,446.0,451.0,458.4,448.35,16951.0,447.5098,1.0,0.0
2016-06-21,447.5,450.05,455.35,449.25,27085.0,448.4081,1.0,0.0
2016-06-22,446.4,454.35,458.85,453.6,23974.0,452.75,1.0,0.0
2016-06-23,452.45,456.0,472.35,461.9,8417.0,461.0344,1.0,0.0
2016-06-24,440.0,454.55,474.0,465.95,11354.0,465.0769,1.0,0.0
2016-06-27,455.6,485.0,485.0,459.8,8781.0,458.9384,1.0,0.0
2016-06-28,455.6,455.6,462.4,456.85,9736.0,455.9939,1.0,0.0
2016-06-29,459.65,474.0,499.0,486.45,168854.0,485.5384,1.0,0.0
2016-06-30,477.25,491.25,496.25,481.0,17484.0,480.0987,1.0,0.0
2016-07-01,470.05,482.0,484.45,471.8,7453.0,470.9159,1.0,0.0
2016-07-04,467.0,467.0,483.45,480.2,14032.0,479.3002,1.0,0.0
2016-07-05,480.0,480.0,493.9,480.75,11898.0,479.8492,1.0,0.0
2016-07-07,480.75,480.75,496.05,489.25,20295.0,488.3332,1.0,0.0
2016-07-08,480.0,493.0,493.0,482.45,6348.0,481.546,1.0,0.0
2016-07-11,475.65,482.05,488.95,478.65,7120.0,477.7531,1.0,0.0
2016-07-12,475.0,495.9,495.95,477.8,10139.0,476.9046,1.0,0.0
2016-07-13,475.3,480.0,482.0,481.0,21395.0,480.0987,1.0,0.0
2016-07-14,476.25,491.95,491.95,482.3,8664.0,481.3962,1.0,0.0
2016-07-15,468.0,486.45,487.0,470.6,12685.0,469.7181,1.0,0.0
2016-07-18,466.25,466.25,477.05,470.45,4178.0,469.5685,1.0,0.0
2016-07-19,472.0,479.35,481.4,475.2,22589.0,474.3095,1.0,0.0
2016-07-20,472.65,475.2,480.0,476.55,6234.0,475.657,1.0,0.0
2016-07-21,472.5,472.55,484.95,477.35,16501.0,476.4555,1.0,0.0
2016-07-22,473.0,473.0,492.4,485.35,5569.0,484.4405,1.0,0.0
2016-07-25,480.1,480.15,495.0,491.0,3765.0,490.0799,1.0,0.0
2016-07-26,480.0,492.0,492.0,480.55,3419.0,479.6495,1.0,0.0
2016-07-27,480.2,481.05,488.0,483.7,1649.0,482.7936,1.0,0.0
2016-07-28,478.95,485.25,494.0,492.5,8905.0,491.5771,1.0,0.0
2016-07-29,481.05,490.05,495.0,484.4,3856.0,483.4923,1.0,0.0
2016-08-01,476.15,476.15,493.95,490.65,5587.0,489.7306,1.0,0.0
2016-08-02,461.2,490.0,490.0,474.6,9250.0,473.7106,1.0,0.0
2016-08-03,479.95,489.0,517.25,500.1,25229.0,499.1629,1.0,0.0
2016-08-04,486.0,510.0,514.0,491.05,5136.0,490.1298,1.0,0.0
2016-08-05,489.95,494.5,499.0,496.1,6077.0,495.1703,1.0,0.0
2016-08-08,483.4,483.4,519.9,510.45,20147.0,509.4935,1.0,0.0
2016-08-09,503.05,511.9,515.0,509.75,3177.0,508.7948,1.0,0.0
2016-08-10,509.6,510.0,513.15,510.05,4870.0,509.0942,1.0,0.0
2016-08-11,510.0,511.0,517.8,511.95,6841.0,510.9907,1.0,0.0
2016-08-12,507.6,517.95,530.0,511.35,2370.0,510.3918,1.0,0.0
2016-08-16,483.0,511.35,511.35,492.8,2248.0,491.8765,1.0,0.0
2016-08-17,492.0,492.0,512.0,509.6,9516.0,508.6451,1.0,0.0
2016-08-18,507.55,507.55,521.0,514.35,1408.0,513.3861,1.0,0.0
2016-08-19,508.5,518.1,525.0,510.0,1565.0,509.0443,1.0,0.0
2016-08-22,505.0,510.0,510.0,505.25,2083.0,504.3032,1.0,0.0
2016-08-23,501.0,508.0,522.0,517.9,2248.0,516.9296,1.0,0.0
2016-08-24,513.1,520.0,527.0,520.05,6046.0,519.0755,1.0,0.0
2016-08-25,518.5,529.95,535.3,521.85,3582.0,520.8721,1.0,0.0
2016-08-26,522.0,522.05,530.0,524.55,2977.0,523.5671,1.0,0.0
2016-08-29,515.05,515.05,530.0,520.55,4899.0,519.5745,1.0,0.0
2016-08-30,513.3,528.35,540.0,520.55,7310.0,519.5745,1.0,0.0
2016-08-31,511.1,525.0,525.0,520.1,16608.0,519.1253,1.0,0.0
2016-09-01,516.1,520.25,525.15,520.1,1144.0,519.1253,1.0,0.0
2016-09-02,522.1,530.0,539.0,533.55,15551.0,532.5502,1.0,0.0
2016-09-06,522.9,540.0,540.0,527.3,7340.0,526.3119,1.0,0.0
2016-09-07,515.0,534.85,534.85,515.8,2269.0,514.8335,1.0,0.0
2016-09-08,507.0,510.5,534.9,529.95,2841.0,528.9569,1.0,0.0
2016-09-09,512.05,520.0,520.0,512.8,2143.0,511.839,1.0,0.0
2016-09-12,494.05,530.0,530.0,505.65,3388.0,504.7025,1.0,0.0
2016-09-14,502.7,525.9,527.0,510.35,623.0,509.3937,1.0,0.0
2016-09-15,505.5,509.5,519.0,506.7,1206.0,505.7505,1.0,0.0
2016-09-16,505.0,510.0,518.05,511.15,2430.0,510.1922,1.0,0.0
2016-09-19,496.0,507.2,514.95,500.25,11087.0,499.3126,1.0,0.0
2016-09-20,492.0,503.8,503.8,494.2,1474.0,493.3726,1.0,0.0
2016-09-21,493.5,500.0,511.9,500.25,1705.0,499.4124,1.0,0.0
2016-09-22,502.05,514.0,514.4,509.5,7696.0,508.6469,1.0,0.0
2016-09-23,492.65,502.0,507.95,499.8,1529.0,498.9632,1.0,0.0
2016-09-26,493.05,513.0,513.0,505.0,3270.0,504.1545,1.0,0.0
2016-09-27,504.9,517.35,517.4,505.0,5452.0,504.1545,1.0,0.0
2016-09-28,502.1,514.9,514.9,509.25,1569.0,508.3974,1.0,0.0
2016-09-29,487.15,510.0,521.0,495.15,6837.0,494.321,1.0,0.0
2016-09-30,485.0,490.05,528.0,507.4,2328.0,506.5504,1.0,0.0
2016-10-03,506.15,516.35,521.0,512.4,2137.0,511.5421,1.0,0.0
2016-10-04,513.0,519.0,521.0,516.3,15596.0,515.4355,1.0,0.0
2016-10-05,501.05,521.0,521.0,506.1,9346.0,505.2526,1.0,0.0
2016-10-06,506.5,519.35,538.4,523.35,15761.0,522.4738,1.0,0.0
2016-10-07,511.0,514.5,531.0,519.9,10872.0,519.0295,1.0,0.0
2016-10-10,506.0,519.9,536.25,515.0,1630.0,514.1378,1.0,0.0
2016-10-13,496.25,511.0,527.95,500.15,30538.0,499.3126,1.0,0.0
2016-10-14,495.0,495.0,513.45,504.25,1743.0,503.4057,1.0,0.0
2016-10-17,496.0,496.3,523.0,510.35,1688.0,509.4955,1.0,0.0
2016-10-18,512.0,520.0,524.9,520.0,38822.0,519.1293,1.0,0.0
2016-10-19,512.0,519.95,529.3,518.0,10052.0,517.1327,1.0,0.0
2016-10-20,517.5,518.0,528.4,519.95,7298.0,519.0795,1.0,0.0
2016-10-21,522.2,527.35,530.0,524.85,7797.0,523.9713,1.0,0.0
2016-10-24,522.25,538.0,538.0,527.1,14279.0,526.2174,1.0,0.0
2016-10-25,520.0,526.95,531.9,523.3,6142.0,522.4238,1.0,0.0
2016-10-26,515.0,520.3,577.4,531.35,55769.0,530.4603,1.0,0.0
2016-10-27,522.1,539.9,544.9,526.35,5936.0,525.4687,1.0,0.0
2016-10-28,513.25,535.0,535.0,518.55,17904.0,517.6818,1.0,0.0
2016-11-01,517.05,517.05,535.9,525.25,6328.0,524.3705,1.0,0.0
2016-11-02,516.0,523.0,524.9,519.25,8659.0,518.3806,1.0,0.0
2016-11-03,500.0,516.0,529.0,505.0,7608.0,504.1545,1.0,0.0
2016-11-04,505.0,519.95,526.0,511.95,36260.0,511.0928,1.0,0.0
2016-11-07,481.2,521.95,524.0,510.35,6028.0,509.4955,1.0,0.0
2016-11-08,501.15,521.95,521.95,505.45,4066.0,504.6037,1.0,0.0
2016-11-09,450.0,495.0,499.5,492.95,12259.0,492.1247,1.0,0.0
2016-11-10,496.05,519.85,519.85,502.15,2844.0,501.3092,1.0,0.0
2016-11-11,490.05,492.5,507.4,499.55,16323.0,498.7136,1.0,0.0
2016-11-15,450.55,485.25,485.55,463.15,22222.0,462.3745,1.0,0.0
2016-11-16,467.7,467.75,484.9,480.0,23977.0,479.1963,1.0,0.0
2016-11-17,448.55,490.0,490.0,454.15,15648.0,453.3896,1.0,0.0
2016-11-18,445.6,454.9,455.0,450.55,2471.0,449.7956,1.0,0.0
2016-11-21,442.8,443.8,457.0,450.15,3006.0,449.3963,1.0,0.0
2016-11-22,450.05,451.0,465.0,463.6,2071.0,462.8238,1.0,0.0
2016-11-23,455.0,460.0,488.0,473.7,1874.0,472.9069,1.0,0.0
2016-11-24,462.7,462.7,485.0,476.55,613.0,475.7521,1.0,0.0
2016-11-25,474.0,474.0,499.0,476.85,42572.0,476.0516,1.0,0.0
2016-11-28,470.55,475.0,484.9,472.55,585.0,471.7588,1.0,0.0
2016-11-29,465.0,474.6,476.0,471.9,41613.0,471.1099,1.0,0.0
2016-11-30,470.25,477.05,487.25,484.1,1070.0,483.2895,1.0,0.0
2016-12-01,473.0,484.15,484.15,478.5,1501.0,477.6988,1.0,0.0
2016-12-02,470.4,480.0,481.95,473.0,292.0,472.208,1.0,0.0
2016-12-05,468.3,470.0,481.0,474.75,411.0,473.9551,1.0,0.0
2016-12-06,465.1,474.8,479.3,472.0,306.0,471.2097,1.0,0.0
2016-12-07,466.5,468.25,475.75,467.4,444.0,466.6174,1.0,0.0
2016-12-08,465.0,467.55,474.9,465.85,334.0,465.07,1.0,0.0
2016-12-09,469.0,469.0,474.85,470.55,1636.0,469.7621,1.0,0.0
2016-12-12,474.0,481.0,482.0,481.05,2492.0,480.2445,1.0,0.0
2016-12-13,475.0,487.95,488.0,476.45,3217.0,475.6523,1.0,0.0
2016-12-14,475.35,483.15,485.0,480.95,1240.0,480.1447,1.0,0.0
2016-12-15,451.55,479.35,485.0,473.75,791.0,472.9568,1.0,0.0
2016-12-16,473.0,478.9,482.95,475.0,260.0,474.2047,1.0,0.0
2016-12-19,472.0,485.0,485.0,479.35,1843.0,478.5474,1.0,0.0
2016-12-20,470.4,483.4,483.4,475.0,1026.0,474.2047,1.0,0.0
2016-12-21,468.0,475.0,478.8,472.05,552.0,471.2596,1.0,0.0
2016-12-22,468.0,468.0,473.0,472.05,451.0,471.2596,1.0,0.0
2016-12-23,462.0,472.0,479.35,463.45,364.0,462.674,1.0,0.0
2016-12-26,460.0,482.0,482.0,467.5,1201.0,466.7173,1.0,0.0
2016-12-27,452.4,465.85,469.95,469.15,529.0,468.3645,1.0,0.0
2016-12-28,462.85,468.0,474.85,471.45,1405.0,470.6606,1.0,0.0
2016-12-29,463.6,471.0,478.35,464.2,435.0,463.4228,1.0,0.0
2016-12-30,466.0,474.95,474.95,466.45,607.0,465.669,1.0,0.0
2017-01-02,469.95,477.1,478.4,470.2,1438.0,469.4128,1.0,0.0
2017-01-03,465.15,470.0,476.0,475.0,715.0,474.2047,1.0,0.0
2017-01-04,473.05,473.05,489.0,488.6,1964.0,487.7819,1.0,0.0
2017-01-05,476.15,484.95,487.0,481.0,503.0,480.1947,1.0,0.0
2017-01-06,475.25,477.5,484.95,480.15,828.0,479.3461,1.0,0.0
2017-01-09,475.5,499.4,499.4,482.5,614.0,481.6921,1.0,0.0
2017-01-10,472.3,482.65,483.2,480.05,1968.0,479.2462,1.0,0.0
2017-01-11,475.0,482.1,486.15,479.8,6364.0,478.9967,1.0,0.0
2017-01-12,471.5,486.15,523.0,478.25,41413.0,477.4493,1.0,0.0
2017-01-13,469.7,477.25,484.0,480.45,18059.0,479.6456,1.0,0.0
2017-01-16,467.5,470.8,480.0,475.4,588.0,474.604,1.0,0.0
2017-01-17,475.0,479.95,480.0,475.95,171.0,475.1531,1.0,0.0
2017-01-18,472.0,476.05,479.0,474.55,1722.0,473.7554,1.0,0.0
2017-01-19,472.8,472.8,481.5,477.3,5526.0,476.5008,1.0,0.0
2017-01-20,466.5,477.3,477.3,470.05,1959.0,469.263,1.0,0.0
2017-01-23,467.0,468.3,480.0,476.95,27549.0,476.1514,1.0,0.0
2017-01-24,471.5,479.4,486.2,476.65,1995.0,475.8519,1.0,0.0
2017-01-25,472.0,480.5,503.0,497.65,9559.0,496.8168,1.0,0.0
2017-01-27,492.55,517.6,530.0,522.35,7596.0,521.4754,1.0,0.0
2017-01-30,508.0,534.9,540.0,511.3,11979.0,510.4439,1.0,0.0
2017-01-31,526.15,551.0,565.0,540.5,419957.0,539.595,1.0,0.0
2017-02-01,530.95,540.05,544.4,533.45,38868.0,532.5568,1.0,0.0
2017-02-02,522.55,534.05,537.9,529.2,28793.0,528.314,1.0,0.0
2017-02-03,523.9,537.8,537.8,529.55,40890.0,528.6634,1.0,0.0
2017-02-06,526.55,530.6,539.95,534.15,92903.0,533.2557,1.0,0.0
2017-02-07,535.6,537.95,589.9,582.85,354707.0,581.8741,1.0,0.0
2017-02-08,576.65,584.8,613.0,605.35,124315.0,604.3364,1.0,0.0
2017-02-09,586.95,606.35,639.95,612.45,54210.0,611.4246,1.0,0.0
2017-02-10,605.0,605.0,628.0,622.75,38063.0,621.7073,1.0,0.0
2017-02-13,614.0,614.5,626.0,620.0,169723.0,618.962,1.0,0.0
2017-02-14,616.15,623.95,629.8,625.9,22237.0,624.8521,1.0,0.0
2017-02-15,613.05,629.9,698.0,670.4,84457.0,669.2776,1.0,0.0
2017-02-16,652.25,672.05,757.95,720.9,355570.0,719.6931,1.0,0.0
2017-02-17,675.0,722.9,722.9,680.6,81476.0,679.4604,1.0,0.0
2017-02-20,660.15,689.5,689.5,672.3,29614.0,671.1743,1.0,0.0
2017-02-21,632.2,677.9,710.0,666.2,191067.0,665.0846,1.0,0.0
2017-02-22,660.0,672.35,702.0,699.0,55699.0,697.8297,1.0,0.0
2017-02-23,686.15,699.0,723.7,700.45,54856.0,699.2773,1.0,0.0
2017-02-27,696.05,704.85,724.0,704.4,42493.0,703.2206,1.0,0.0
2017-02-28,705.95,705.95,741.0,718.55,46433.0,717.3469,1.0,0.0
2017-03-01,708.0,725.0,734.0,711.65,22448.0,710.4585,1.0,0.0
2017-03-02,690.0,717.7,717.7,691.8,13085.0,690.6417,1.0,0.0
2017-03-03,678.75,693.7,695.05,685.85,10737.0,684.7017,1.0,0.0
2017-03-06,691.0,695.0,728.4,720.95,50887.0,719.7429,1.0,0.0
2017-03-07,706.55,725.2,737.6,726.65,26574.0,725.4334,1.0,0.0
2017-03-08,719.05,737.0,871.95,861.0,789769.0,859.5584,1.0,0.0
2017-03-09,799.0,880.0,883.0,806.85,670018.0,805.4991,1.0,0.0
2017-03-10,795.0,809.0,843.9,817.55,537503.0,816.1812,1.0,0.0
2017-03-14,815.0,829.8,839.0,829.4,163584.0,828.0114,1.0,0.0
2017-03-15,825.0,830.0,844.0,835.4,97041.0,834.0013,1.0,0.0
2017-03-16,818.15,840.0,864.0,825.95,245065.0,824.5671,1.0,0.0
2017-03-17,781.2,825.95,834.0,790.55,93134.0,789.2264,1.0,0.0
2017-03-20,786.0,796.9,844.8,833.85,252293.0,832.4539,1.0,0.0
2017-03-21,741.0,842.0,855.0,755.4,744650.0,754.1353,1.0,0.0
2017-03-22,720.0,750.0,750.0,732.25,213125.0,731.024,1.0,0.0
2017-03-23,732.05,732.05,764.4,746.7,122702.0,745.4498,1.0,0.0
2017-03-24,737.45,746.5,763.5,741.65,64891.0,740.4083,1.0,0.0
2017-03-27,731.0,735.05,763.0,749.2,75733.0,747.9456,1.0,0.0
2017-03-28,750.6,750.9,807.7,793.8,215051.0,792.4709,1.0,0.0
2017-03-29,786.45,800.0,850.0,827.2,266356.0,825.8151,1.0,0.0
2017-03-30,818.6,827.0,835.1,825.7,37195.0,824.3175,1.0,0.0
2017-03-31,814.6,825.0,835.0,824.6,136854.0,823.2193,1.0,0.0
2017-04-03,810.0,810.0,864.0,853.9,90080.0,852.4703,1.0,0.0
2017-04-05,864.95,864.95,962.45,930.35,212105.0,928.7922,1.0,0.0
2017-04-06,900.0,929.0,937.8,909.3,78494.0,907.7775,1.0,0.0
2017-04-07,891.0,899.85,969.0,937.15,244748.0,935.581,1.0,0.0
2017-04-10,895.0,941.0,945.0,902.2,81183.0,900.6895,1.0,0.0
2017-04-11,885.3,901.0,923.9,911.45,92650.0,909.924,1.0,0.0
2017-04-12,909.0,917.65,928.95,918.85,35380.0,917.3115,1.0,0.0
2017-04-13,892.05,916.1,927.15,901.25,31369.0,899.741,1.0,0.0
2017-04-17,892.05,892.55,946.0,922.1,92979.0,920.5561,1.0,0.0
2017-04-18,871.0,921.1,927.9,876.55,61289.0,875.0823,1.0,0.0
2017-04-19,870.0,877.4,912.0,895.35,84399.0,893.8509,1.0,0.0
2017-04-20,892.0,899.0,916.7,911.55,59354.0,910.0237,1.0,0.0
2017-04-21,902.0,908.1,923.0,911.1,32896.0,909.5745,1.0,0.0
2017-04-24,878.15,919.65,928.9,918.6,49916.0,917.062,1.0,0.0
2017-04-25,915.25,918.0,934.9,928.9,32469.0,927.3447,1.0,0.0
2017-04-26,930.1,935.95,973.5,941.2,73134.0,939.6241,1.0,0.0
2017-04-27,935.5,938.0,953.3,938.3,12401.0,936.729,1.0,0.0
2017-04-28,927.3,941.9,965.0,934.3,24354.0,932.7357,1.0,0.0
2017-05-02,932.05,939.95,960.0,939.75,13451.0,938.1766,1.0,0.0
2017-05-03,932.2,938.1,965.0,958.55,44028.0,956.9451,1.0,0.0
2017-05-04,965.0,970.25,1058.8,1012.4,305239.0,1010.705,1.0,0.0
2017-05-05,986.5,1024.0,1034.0,1018.7,41585.0,1016.9944,1.0,0.0
2017-05-08,981.55,1024.0,1024.0,994.7,38341.0,993.0345,1.0,0.0
2017-05-09,973.35,986.05,1042.0,1024.85,59015.0,1023.134,1.0,0.0
2017-05-10,1020.4,1025.0,1067.0,1057.1,54251.0,1055.3301,1.0,0.0
2017-05-11,1029.15,1062.0,1062.0,1032.05,14858.0,1030.3221,1.0,0.0
2017-05-12,1000.0,1039.25,1065.95,1013.1,22335.0,1011.4037,1.0,0.0
2017-05-15,1013.1,1013.1,1056.55,1041.4,22246.0,1039.6564,1.0,0.0
2017-05-16,1004.2,1050.3,1064.0,1034.25,46908.0,1032.5183,1.0,0.0
2017-05-17,1020.0,1044.65,1050.0,1024.45,12646.0,1022.7347,1.0,0.0
2017-05-18,982.15,1007.0,1032.0,1001.4,12863.0,999.7234,1.0,0.0
2017-05-19,925.0,1014.95,1025.0,947.9,20642.0,946.3129,1.0,0.0
2017-05-22,953.9,953.9,985.0,966.95,19797.0,965.3311,1.0,0.0
2017-05-23,960.0,967.0,999.0,989.1,36203.0,987.4439,1.0,0.0
2017-05-24,927.95,988.0,992.75,940.25,14968.0,938.6758,1.0,0.0
2017-05-25,921.05,968.3,968.45,942.5,15026.0,940.922,1.0,0.0
2017-05-26,937.15,947.75,1031.95,1000.5,44736.0,998.8249,1.0,0.0
2017-05-29,965.0,1005.0,1013.0,970.75,9092.0,969.1247,1.0,0.0
2017-05-30,964.85,967.0,990.1,971.9,12569.0,970.2728,1.0,0.0
2017-05-31,960.1,960.3,978.9,971.35,5103.0,969.7236,1.0,0.0
2017-06-01,976.7,978.55,1019.9,987.7,16557.0,986.0463,1.0,0.0
2017-06-02,993.0,993.75,1023.0,1008.9,13382.0,1007.2108,1.0,0.0
2017-06-05,1013.5,1013.5,1210.65,1131.55,332491.0,1129.6555,1.0,0.0
2017-06-06,1095.15,1125.0,1158.0,1110.1,84438.0,1108.2413,1.0,0.0
2017-06-07,1096.1,1111.95,1139.95,1102.7,37515.0,1100.8536,1.0,0.0
2017-06-08,1097.0,1100.0,1148.9,1123.4,28894.0,1121.5192,1.0,0.0
2017-06-09,1120.05,1120.2,1190.0,1173.25,59354.0,1171.2856,1.0,0.0
2017-06-12,1143.05,1155.0,1198.7,1153.4,32883.0,1151.4689,1.0,0.0
2017-06-13,1151.95,1160.0,1188.6,1157.6,21035.0,1155.6619,1.0,0.0
2017-06-14,1144.0,1165.0,1167.95,1148.05,8676.0,1146.1278,1.0,0.0
2017-06-15,1117.35,1154.85,1154.95,1132.05,14208.0,1130.1547,1.0,0.0
2017-06-16,1132.5,1144.0,1169.9,1144.45,14043.0,1142.5338,1.0,0.0
2017-06-19,1125.55,1154.95,1164.0,1146.55,14418.0,1144.6304,1.0,0.0
2017-06-20,1150.0,1150.0,1172.0,1160.4,18171.0,1158.4572,1.0,0.0
2017-06-21,1144.0,1144.0,1170.8,1150.95,15275.0,1149.0229,1.0,0.0
2017-06-22,1147.05,1155.0,1169.8,1161.05,6680.0,1159.1061,1.0,0.0
2017-06-23,1132.25,1162.7,1167.8,1140.2,11657.0,1138.2909,1.0,0.0
2017-06-27,1082.55,1143.95,1154.0,1105.4,3400.0,1103.5493,1.0,0.0
2017-06-28,1072.25,1100.15,1129.25,1119.85,6511.0,1117.9751,1.0,0.0
2017-06-29,1130.0,1134.0,1155.0,1136.1,3776.0,1134.1979,1.0,0.0
2017-06-30,1105.0,1154.8,1163.65,1137.4,4189.0,1135.4956,1.0,0.0
2017-07-03,1142.1,1148.15,1210.65,1188.95,16329.0,1186.9592,1.0,0.0
2017-07-04,1190.0,1190.0,1264.65,1212.1,28484.0,1210.0706,1.0,0.0
2017-07-05,1191.85,1212.5,1228.95,1206.1,9929.0,1204.0807,1.0,0.0
2017-07-06,1212.05,1220.0,1305.55,1252.65,62957.0,1250.5527,1.0,0.0
2017-07-07,1252.0,1256.95,1285.0,1257.85,23092.0,1255.7439,1.0,0.0
2017-07-10,1241.25,1246.0,1282.0,1249.4,2325.0,1247.3081,1.0,0.0
2017-07-11,1235.0,1250.1,1262.0,1243.9,32961.0,1241.8173,1.0,0.0
2017-07-12,1210.0,1235.0,1249.9,1214.85,6843.0,1212.8159,1.0,0.0
2017-07-13,1206.0,1225.85,1245.0,1213.05,16440.0,1211.019,1.0,0.0
2017-07-14,1200.0,1235.0,1235.0,1207.25,5408.0,1205.2286,1.0,0.0
2017-07-17,1172.0,1248.0,1248.0,1179.0,11476.0,1177.026,1.0,0.0
2017-07-18,1160.0,1180.0,1212.15,1173.3,14049.0,1171.3356,1.0,0.0
2017-07-19,1121.5,1178.0,1178.0,1134.6,12130.0,1132.7003,1.0,0.0
2017-07-20,1115.55,1118.0,1228.45,1206.55,96133.0,1204.5299,1.0,0.0
2017-07-21,1195.55,1216.5,1259.0,1212.5,85438.0,1210.4698,1.0,0.0
2017-07-24,1142.0,1222.0,1224.0,1176.55,32380.0,1174.5801,1.0,0.0
2017-07-25,1165.0,1170.05,1224.0,1179.0,27931.0,1177.026,1.0,0.0
2017-07-26,1165.05,1186.95,1195.0,1177.4,7218.0,1175.4287,1.0,0.0
2017-07-27,1160.05,1178.1,1190.5,1169.05,7410.0,1167.0928,1.0,0.0
2017-07-28,1147.0,1160.25,1179.95,1160.95,8001.0,1159.0061,1.0,0.0
2017-07-31,1156.0,1179.0,1194.0,1179.75,6506.0,1177.7748,1.0,0.0
2017-08-01,1161.75,1175.5,1200.0,1174.35,4357.0,1172.3838,1.0,0.0
2017-08-02,1175.1,1183.75,1203.95,1194.8,8474.0,1192.7997,1.0,0.0
2017-08-03,1157.05,1200.0,1210.0,1166.5,17106.0,1164.5469,1.0,0.0
2017-08-04,1155.95,1167.0,1188.9,1161.55,6139.0,1159.6052,1.0,0.0
2017-08-07,1165.05,1175.95,1190.95,1182.0,2739.0,1180.021,1.0,0.0
2017-08-08,1161.0,1186.0,1205.6,1167.05,5656.0,1165.0961,1.0,0.0
2017-08-09,1135.0,1175.45,1199.0,1155.7,15594.0,1153.7649,1.0,0.0
2017-08-10,1063.25,1168.7,1168.85,1074.1,15133.0,1072.3016,1.0,0.0
2017-08-11,1015.05,1050.0,1098.0,1073.25,6921.0,1071.453,1.0,0.0
2017-08-14,1050.0,1050.0,1175.0,1164.35,10090.0,1162.4005,1.0,0.0
2017-08-16,1164.0,1187.0,1195.0,1182.75,7281.0,1180.7697,1.0,0.0
2017-08-17,1170.05,1189.0,1275.0,1214.9,19677.0,1212.866,1.0,0.0
2017-08-18,1201.0,1249.95,1275.0,1224.75,78812.0,1222.6993,1.0,0.0
2017-08-21,1325.0,1380.0,1469.7,1455.1,469925.0,1452.6637,1.0,0.0
2017-08-22,1461.75,1510.0,1549.9,1469.15,446459.0,1466.6902,1.0,0.0
2017-08-23,1422.5,1463.0,1474.0,1441.15,93772.0,1438.7372,1.0,0.0
2017-08-24,1416.0,1445.0,1485.8,1432.15,91495.0,1429.7522,1.0,0.0
2017-08-28,1405.85,1445.0,1531.4,1442.8,150617.0,1440.3844,1.0,0.0
2017-08-29,1402.25,1440.0,1459.0,1415.3,35089.0,1412.9304,1.0,0.0
2017-08-30,1401.05,1429.5,1445.0,1405.9,22552.0,1403.546,1.0,0.0
2017-08-31,1404.0,1406.1,1425.0,1417.05,18737.0,1414.6774,1.0,0.0
2017-09-01,1395.05,1417.1,1432.0,1403.1,15570.0,1400.7507,1.0,0.0
2017-09-04,1382.6,1418.0,1418.0,1398.8,25928.0,1396.458,1.0,0.0
2017-09-05,1403.1,1410.0,1430.0,1413.45,41508.0,1411.0835,1.0,0.0
2017-09-06,1399.95,1409.0,1465.0,1419.75,62317.0,1417.3729,1.0,0.0
2017-09-07,1392.0,1425.0,1443.7,1409.65,25742.0,1407.2898,1.0,0.0
2017-09-08,1406.0,1410.1,1435.0,1415.2,26629.0,1414.0844,1.0,0.0
2017-09-11,1415.05,1429.35,1460.0,1441.65,55649.0,1440.5137,1.0,0.0
2017-09-12,1421.0,1442.0,1465.0,1426.4,59381.0,1425.2756,1.0,0.0
2017-09-13,1426.0,1446.0,1460.0,1439.8,23557.0,1438.665,1.0,0.0
2017-09-14,1430.05,1445.6,1460.0,1442.9,10876.0,1441.7626,1.0,0.0
2017-09-15,1430.0,1439.0,1475.0,1448.1,34340.0,1446.9585,1.0,0.0
2017-09-18,1430.15,1430.15,1470.0,1454.0,74915.0,1452.8539,1.0,0.0
2017-09-19,1435.2,1469.95,1470.1,1445.6,22197.0,1444.4604,1.0,0.0
2017-09-20,1401.5,1442.05,1454.95,1421.75,15274.0,1420.6293,1.0,0.0
2017-09-21,1408.85,1435.0,1439.3,1427.65,12170.0,1426.5247,1.0,0.0
2017-09-22,1407.0,1420.35,1469.5,1437.5,32325.0,1436.3668,1.0,0.0
2017-09-25,1403.0,1441.0,1495.0,1448.05,51239.0,1446.9086,1.0,0.0
2017-09-26,1410.15,1471.9,1585.0,1444.95,152063.0,1443.8109,1.0,0.0
2017-09-27,1393.5,1444.95,1458.8,1402.1,124935.0,1400.9948,1.0,0.0
2017-09-28,1340.5,1414.9,1414.9,1383.85,17950.0,1382.7592,1.0,0.0
2017-09-29,1388.05,1388.05,1470.0,1437.5,27357.0,1436.3668,1.0,0.0
2017-10-03,1432.15,1445.0,1464.95,1436.0,7273.0,1434.868,1.0,0.0
2017-10-04,1422.65,1430.0,1457.95,1432.4,15342.0,1431.2709,1.0,0.0
2017-10-05,1425.35,1432.45,1507.25,1468.4,60409.0,1467.2426,1.0,0.0
2017-10-06,1429.9,1479.9,1496.95,1443.2,39676.0,1442.0624,1.0,0.0
2017-10-09,1432.9,1462.9,1482.4,1443.0,29690.0,1441.8625,1.0,0.0
2017-10-10,1425.0,1454.75,1490.0,1441.05,70568.0,1439.9141,1.0,0.0
2017-10-11,1400.0,1437.0,1473.95,1408.55,35298.0,1407.4397,1.0,0.0
2017-10-12,1401.0,1423.0,1485.05,1472.25,109260.0,1471.0895,1.0,0.0
2017-10-13,1427.0,1472.0,1478.0,1434.85,22440.0,1433.7189,1.0,0.0
2017-10-16,1430.0,1458.65,1470.0,1434.85,18005.0,1433.7189,1.0,0.0
2017-10-17,1422.0,1448.0,1453.0,1430.45,31159.0,1429.3224,1.0,0.0
2017-10-18,1434.2,1440.0,1528.65,1439.9,103637.0,1438.765,1.0,0.0
2017-10-19,1440.1,1449.6,1460.0,1449.0,7573.0,1447.8578,1.0,0.0
2017-10-23,1402.6,1459.0,1459.0,1416.95,16134.0,1415.833,1.0,0.0
2017-10-24,1385.25,1416.25,1430.0,1393.65,18623.0,1392.5514,1.0,0.0
2017-10-25,1391.0,1391.0,1439.4,1408.8,38772.0,1407.6896,1.0,0.0
2017-10-26,1402.45,1418.75,1445.0,1434.05,59231.0,1432.9197,1.0,0.0
2017-10-27,1415.0,1428.0,1444.8,1425.65,33879.0,1424.5262,1.0,0.0
2017-10-30,1415.0,1439.95,1443.7,1424.0,12137.0,1422.8774,1.0,0.0
2017-10-31,1417.0,1439.8,1441.0,1438.0,19213.0,1436.8665,1.0,0.0
2017-11-01,1405.0,1439.0,1439.0,1415.3,33212.0,1414.1844,1.0,0.0
2017-11-02,1408.15,1434.7,1434.7,1417.05,26642.0,1415.933,1.0,0.0
2017-11-03,1395.95,1407.0,1441.0,1412.15,19151.0,1411.0369,1.0,0.0
2017-11-06,1411.1,1415.0,1437.0,1421.65,19998.0,1420.5294,1.0,0.0
2017-11-07,1394.6,1430.0,1439.0,1402.75,26268.0,1401.6443,1.0,0.0
2017-11-08,1402.0,1402.0,1426.0,1412.6,6841.0,1411.4865,1.0,0.0
2017-11-09,1403.0,1430.15,1450.0,1413.8,26314.0,1412.6855,1.0,0.0
2017-11-10,1360.0,1430.0,1440.0,1406.1,73772.0,1404.9916,1.0,0.0
2017-11-13,1317.0,1406.1,1406.1,1333.6,17695.0,1332.5487,1.0,0.0
2017-11-14,1265.0,1331.75,1352.85,1279.25,27573.0,1278.2416,1.0,0.0
2017-11-15,1235.0,1251.0,1290.0,1250.4,25720.0,1249.4144,1.0,0.0
2017-11-16,1230.0,1249.0,1260.0,1235.7,70800.0,1234.7258,1.0,0.0
2017-11-17,1235.0,1242.15,1276.95,1238.5,45986.0,1237.5237,1.0,0.0
2017-11-20,1221.2,1239.0,1263.0,1257.95,15141.0,1256.9584,1.0,0.0
2017-11-21,1251.0,1251.5,1365.0,1304.7,83694.0,1303.6715,1.0,0.0
2017-11-22,1301.0,1331.0,1370.0,1309.85,87204.0,1308.8175,1.0,0.0
2017-11-23,1283.15,1323.5,1335.0,1307.85,95246.0,1306.8191,1.0,0.0
2017-11-24,1300.0,1319.0,1345.0,1319.75,27604.0,1318.7097,1.0,0.0
2017-11-27,1315.05,1330.0,1338.95,1325.65,35252.0,1324.6051,1.0,0.0
2017-11-28,1325.65,1330.2,1366.0,1360.5,14275.0,1359.4276,1.0,0.0
2017-11-29,1351.3,1375.0,1378.0,1364.2,25980.0,1363.1246,1.0,0.0
2017-11-30,1341.0,1359.0,1400.0,1389.45,32425.0,1388.3547,1.0,0.0
2017-12-01,1352.0,1397.0,1410.0,1362.25,20844.0,1361.1761,1.0,0.0
2017-12-04,1328.8,1388.0,1388.0,1359.1,46755.0,1358.0287,1.0,0.0
2017-12-05,1346.65,1385.0,1385.0,1361.2,23813.0,1360.127,1.0,0.0
2017-12-06,1351.05,1370.1,1378.0,1360.75,9829.0,1359.6774,1.0,0.0
2017-12-07,1352.0,1352.05,1374.0,1358.8,2981.0,1357.729,1.0,0.0
2017-12-08,1340.4,1358.0,1387.5,1343.3,12377.0,1342.2412,1.0,0.0
2017-12-11,1338.15,1338.2,1378.0,1352.0,4546.0,1350.9342,1.0,0.0
2017-12-12,1340.4,1360.35,1369.95,1343.55,4319.0,1342.491,1.0,0.0
2017-12-13,1330.0,1348.45,1365.0,1353.4,53765.0,1352.3331,1.0,0.0
2017-12-14,1314.75,1364.5,1369.0,1326.0,25158.0,1324.9547,1.0,0.0
2017-12-15,1329.05,1352.0,1370.0,1351.85,47298.0,1350.7843,1.0,0.0
2017-12-18,1351.2,1367.85,1394.0,1384.5,15646.0,1383.4087,1.0,0.0
2017-12-19,1377.0,1392.0,1445.05,1437.3,27722.0,1436.1671,1.0,0.0
2017-12-20,1440.55,1449.0,1495.2,1488.55,23598.0,1487.3767,1.0,0.0
2017-12-21,1473.05,1499.0,1527.2,1515.95,31755.0,1514.755,1.0,0.0
2017-12-22,1490.1,1527.25,1527.25,1497.9,9996.0,1496.7192,1.0,0.0
2017-12-26,1490.05,1497.95,1527.25,1497.7,11329.0,1496.5194,1.0,0.0
2017-12-27,1495.0,1516.0,1524.9,1499.95,13263.0,1498.7676,1.0,0.0
2017-12-28,1490.0,1508.7,1508.9,1498.95,4921.0,1497.7684,1.0,0.0
2017-12-29,1488.05,1528.0,1528.0,1491.45,3195.0,1490.2743,1.0,0.0
2018-01-01,1476.05,1491.45,1500.0,1489.0,13865.0,1487.8263,1.0,0.0
2018-01-02,1460.0,1487.0,1512.45,1479.35,16811.0,1478.1838,1.0,0.0
2018-01-03,1485.1,1504.85,1505.0,1503.0,13932.0,1501.8152,1.0,0.0
2018-01-04,1490.15,1490.15,1656.1,1597.8,36544.0,1596.5405,1.0,0.0
2018-01-05,1550.0,1605.0,1625.05,1588.8,22167.0,1587.5476,1.0,0.0
2018-01-08,1566.05,1600.0,1610.0,1583.5,15322.0,1582.2518,1.0,0.0
2018-01-09,1580.1,1589.9,1749.4,1677.0,165014.0,1675.6781,1.0,0.0
2018-01-10,1699.0,1699.0,1775.0,1744.7,71330.0,1743.3247,1.0,0.0
2018-01-11,1683.3,1759.0,1768.45,1693.5,21193.0,1692.165,1.0,0.0
2018-01-12,1670.0,1670.0,1705.9,1685.7,7751.0,1684.3712,1.0,0.0
2018-01-15,1681.6,1700.85,1798.0,1724.9,18334.0,1723.5403,1.0,0.0
2018-01-16,1653.1,1724.9,1741.0,1659.05,10084.0,1657.7423,1.0,0.0
2018-01-17,1598.65,1664.85,1664.85,1649.6,9930.0,1648.2997,1.0,0.0
2018-01-18,1572.9,1652.0,1673.2,1597.75,8863.0,1596.4905,1.0,0.0
2018-01-19,1555.05,1555.05,1627.45,1586.55,5642.0,1585.2994,1.0,0.0
2018-01-22,1586.55,1587.0,1670.0,1635.3,9649.0,1634.011,1.0,0.0
2018-01-23,1630.0,1630.0,1660.0,1651.65,6753.0,1650.348,1.0,0.0
2018-01-24,1618.6,1618.6,1675.0,1655.1,7192.0,1653.7953,1.0,0.0
2018-01-25,1630.0,1668.75,1675.0,1649.95,3820.0,1648.6493,1.0,0.0
2018-01-29,1610.0,1655.2,1798.0,1645.0,18756.0,1643.7032,1.0,0.0
2018-01-30,1524.0,1644.0,1644.0,1546.0,25389.0,1544.7814,1.0,0.0
2018-01-31,1476.0,1542.0,1542.1,1486.25,13568.0,1485.0785,1.0,0.0
2018-02-01,1440.0,1503.25,1525.0,1457.35,13567.0,1456.2012,1.0,0.0
2018-02-02,1375.0,1412.05,1478.0,1458.1,19391.0,1456.9506,1.0,0.0
2018-02-05,1394.1,1422.0,1477.9,1462.05,11080.0,1460.8976,1.0,0.0
2018-02-06,1300.05,1300.05,1434.05,1416.95,52638.0,1415.833,1.0,0.0
2018-02-07,1405.95,1445.25,1462.45,1418.85,26817.0,1417.7316,1.0,0.0
2018-02-08,1407.0,1407.0,1487.95,1479.2,10048.0,1478.0339,1.0,0.0
2018-02-09,1422.55,1448.05,1534.35,1510.8,5869.0,1509.6091,1.0,0.0
2018-02-12,1525.0,1535.0,1591.05,1546.9,35732.0,1545.6807,1.0,0.0
2018-02-14,1585.05,1600.0,1633.0,1603.25,31358.0,1601.9862,1.0,0.0
2018-02-15,1585.0,1620.0,1633.7,1600.9,16186.0,1599.6381,1.0,0.0
2018-02-16,1560.0,1615.0,1632.05,1567.75,5830.0,1566.5142,1.0,0.0
2018-02-19,1493.2,1550.05,1556.3,1533.55,9444.0,1532.3412,1.0,0.0
2018-02-20,1511.45,1514.2,1547.45,1523.6,4307.0,1522.3989,1.0,0.0
2018-02-21,1502.85,1545.0,1554.05,1549.9,6785.0,1548.6782,1.0,0.0
2018-02-22,1512.0,1512.0,1555.0,1550.25,4678.0,1549.028,1.0,0.0
2018-02-23,1561.15,1561.15,1615.0,1597.35,9234.0,1596.0908,1.0,0.0
2018-02-26,1591.0,1591.0,1658.7,1596.8,7263.0,1595.5414,1.0,0.0
2018-02-27,1561.0,1599.0,1618.0,1591.25,12589.0,1589.9956,1.0,0.0
2018-02-28,1570.1,1570.1,1635.0,1619.35,7693.0,1618.0735,1.0,0.0
2018-03-01,1623.05,1640.0,1671.75,1656.1,15861.0,1654.7946,1.0,0.0
2018-03-05,1632.65,1645.0,1895.0,1802.6,86680.0,1801.1791,1.0,0.0
2018-03-06,1793.0,1824.9,1870.0,1833.2,64079.0,1831.7549,1.0,0.0
2018-03-07,1810.2,1825.0,1970.0,1908.8,90955.0,1907.2954,1.0,0.0
2018-03-08,1870.0,1920.0,1992.35,1948.2,113202.0,1946.6642,1.0,0.0
2018-03-09,1890.0,1960.0,1969.0,1917.25,23762.0,1915.7386,1.0,0.0
2018-03-12,1883.0,1897.05,1931.15,1908.4,17258.0,1906.8956,1.0,0.0
2018-03-13,1875.25,1875.25,1940.0,1931.95,7784.0,1930.427,1.0,0.0
2018-03-14,1813.85,1943.95,1950.0,1846.7,27488.0,1845.2443,1.0,0.0
2018-03-15,1840.25,1856.8,1945.0,1929.9,28403.0,1928.3788,1.0,0.0
2018-03-16,1871.0,1929.9,1929.9,1880.65,5932.0,1879.1676,1.0,0.0
2018-03-19,1855.0,1889.0,1924.9,1897.25,9935.0,1895.7544,1.0,0.0
2018-03-20,1845.0,1897.0,1903.9,1855.1,10848.0,1853.6377,1.0,0.0
2018-03-21,1855.0,1855.0,1979.7,1894.15,43353.0,1892.6569,1.0,0.0
2018-03-22,1865.7,1890.0,1930.0,1888.35,19119.0,1886.8615,1.0,0.0
2018-03-23,1821.2,1821.2,1910.0,1899.15,15082.0,1897.653,1.0,0.0
2018-03-26,1872.55,1911.0,1911.0,1890.1,6794.0,1888.6101,1.0,0.0
2018-03-27,1900.0,1930.0,1990.0,1941.3,39679.0,1939.7698,1.0,0.0
2018-03-28,1882.0,1930.0,1978.95,1899.75,63092.0,1898.2524,1.0,0.0
2018-04-02,1890.7,1916.0,1935.0,1918.95,14980.0,1917.4373,1.0,0.0
2018-04-03,1908.55,1915.0,1990.0,1940.1,21514.0,1938.5707,1.0,0.0
2018-04-04,1930.0,1944.9,2328.1001,2157.6001,188715.0,2155.8994,1.0,0.0
2018-04-05,2081.55,2199.6499,2300.0,2198.75,125634.0,2197.0168,1.0,0.0
2018-04-06,2140.1001,2188.8999,2242.6499,2192.1499,68845.0,2190.4219,1.0,0.0
2018-04-09,2155.0,2209.7,2253.8999,2186.3,31961.0,2184.5767,1.0,0.0
2018-04-10,2165.0,2165.0,2248.0,2183.8501,40227.0,2182.1287,1.0,0.0
2018-04-11,2185.0,2202.0,2220.0,2194.8999,16887.0,2193.1697,1.0,0.0
2018-04-12,2092.1001,2198.0,2209.8501,2104.0,28393.0,2102.3416,1.0,0.0
2018-04-13,2101.05,2104.0,2138.8999,2125.1001,15602.0,2123.425,1.0,0.0
2018-04-16,2073.05,2073.05,2140.0,2123.8,21600.0,2122.126,1.0,0.0
2018-04-17,2045.45,2136.2,2141.8999,2084.3999,9846.0,2082.7568,1.0,0.0
2018-04-18,2065.45,2093.5,2124.0,2098.55,13650.0,2096.8958,1.0,0.0
2018-04-19,2073.0,2100.0,2205.1001,2135.6499,31304.0,2133.9663,1.0,0.0
2018-04-20,2136.5,2146.0,2199.8,2158.5,17275.0,2156.7986,1.0,0.0
2018-04-23,2096.0,2147.0,2188.6499,2108.25,22942.0,2106.5881,1.0,0.0
2018-04-24,2071.3501,2108.3,2165.0,2090.6001,13507.0,2088.9521,1.0,0.0
2018-04-25,1965.2,2081.1001,2150.0,2091.3999,22472.0,2089.7512,1.0,0.0
2018-04-26,2080.0,2086.6499,2149.6499,2118.0,8185.0,2116.3303,1.0,0.0
2018-04-27,2101.45,2145.0,2159.0,2115.1499,7684.0,2113.4827,1.0,0.0
2018-04-30,2055.0,2115.1001,2118.25,2086.75,11860.0,2085.105,1.0,0.0
2018-05-02,2011.0,2080.0,2094.0,2019.5,24103.0,2017.9081,1.0,0.0
2018-05-03,1956.7,2009.0,2015.0,1978.85,12087.0,1977.2902,1.0,0.0
2018-05-04,1965.15,1976.65,2015.15,2001.8,5462.0,2000.222,1.0,0.0
2018-05-07,2010.0,2025.0,2061.8999,2052.25,13857.0,2050.6323,1.0,0.0
2018-05-08,2060.2,2080.0,2175.0,2135.3501,19922.0,2133.6667,1.0,0.0
2018-05-09,2114.95,2131.0,2175.0,2142.8999,7214.0,2141.2107,1.0,0.0
2018-05-10,2102.7,2151.3999,2170.0,2138.3,14303.0,2136.6145,1.0,0.0
2018-05-11,2116.8,2140.3501,2160.0,2134.6001,4711.0,2132.9175,1.0,0.0
2018-05-14,2093.95,2125.0,2159.95,2122.55,7894.0,2120.877,1.0,0.0
2018-05-15,2110.05,2144.95,2373.05,2312.25,96433.0,2310.4272,1.0,0.0
2018-05-16,2265.0,2304.95,2516.0,2487.6499,81237.0,2485.689,1.0,0.0
2018-05-17,2356.0,2490.05,2508.0,2417.8999,37017.0,2415.9939,1.0,0.0
2018-05-18,2290.0,2415.0,2444.3501,2313.25,19980.0,2311.4265,1.0,0.0
2018-05-21,2177.0,2313.25,2381.25,2283.7,17130.0,2281.8997,1.0,0.0
2018-05-22,2238.8999,2283.7,2350.0,2329.6001,22044.0,2327.7637,1.0,0.0
2018-05-23,2230.0,2331.0,2376.0,2274.05,21604.0,2272.2576,1.0,0.0
2018-05-24,2266.0,2320.0,2450.0,2330.25,82626.0,2328.4131,1.0,0.0
2018-05-25,2283.7,2317.0,2352.8,2313.6001,33581.0,2311.7764,1.0,0.0
2018-05-28,2292.45,2301.2,2399.0,2381.55,21424.0,2379.6729,1.0,0.0
2018-05-29,2319.1001,2382.3999,2382.3999,2352.6001,5960.0,2350.7456,1.0,0.0
2018-05-30,2300.0,2330.0,2396.0,2362.95,18743.0,2361.0874,1.0,0.0
2018-05-31,2340.0,2360.0,2425.0,2402.8501,99042.0,2400.9561,1.0,0.0
2018-06-01,2281.0,2384.3999,2384.3999,2293.2,13500.0,2291.3923,1.0,0.0
2018-06-04,2190.3,2313.8501,2317.8999,2209.1499,12542.0,2207.4084,1.0,0.0
2018-06-05,1895.0,2207.8999,2224.7,2040.6,23872.0,2038.9915,1.0,0.0
2018-06-06,1927.85,2000.25,2129.0,2062.75,31488.0,2061.124,1.0,0.0
2018-06-07,2094.0,2110.0,2458.6001,2369.95,159336.0,2368.0818,1.0,0.0
2018-06-08,2280.0,2340.0,2449.0,2392.75,51698.0,2390.8638,1.0,0.0
2018-06-11,2354.1001,2366.0,2446.0,2379.1499,18831.0,2377.2744,1.0,0.0
2018-06-12,2360.1001,2371.0,2425.0,2413.3999,31343.0,2411.4976,1.0,0.0
2018-06-13,2380.0,2412.0,2424.3999,2387.8,10458.0,2385.9177,1.0,0.0
2018-06-14,2365.05,2370.75,2415.0,2386.6499,9387.0,2384.7686,1.0,0.0
2018-06-15,2363.0,2400.0,2415.0,2397.6499,54853.0,2395.76,1.0,0.0
2018-06-18,2372.05,2390.0,2405.0,2401.6499,7273.0,2399.7568,1.0,0.0
2018-06-19,2375.0,2408.55,2799.0,2537.1499,234531.0,2535.1499,1.0,0.0
2018-06-20,2525.0,2525.25,2640.0,2591.3999,79886.0,2591.3999,1.0,0.0
2018-06-21,2501.0,2589.8999,2615.0,2597.6001,33418.0,2597.6001,1.0,0.0
2018-06-22,2540.1001,2580.0,2632.0,2617.1001,26878.0,2617.1001,1.0,0.0
2018-06-25,2580.0,2617.1001,2639.0,2603.3,33645.0,2603.3,1.0,0.0
2018-06-26,2585.0,2585.0,2698.0,2626.3501,52305.0,2626.3501,1.0,0.0
2018-06-27,2506.0,2600.1001,2619.0,2546.95,26205.0,2546.95,1.0,0.0
2018-06-28,2275.1499,2522.3,2546.2,2361.3501,34672.0,2361.3501,1.0,0.0
2018-06-29,2375.0,2375.0,2500.0,2481.6001,19602.0,2481.6001,1.0,0.0
2018-07-02,2431.0,2488.1001,2539.0,2495.2,102073.0,2495.2,1.0,0.0
2018-07-03,2440.0,2495.2,2535.0,2478.1001,73111.0,2478.1001,1.0,0.0
2018-07-04,2475.1499,2499.5,2537.1499,2510.2,16505.0,2510.2,1.0,0.0
2018-07-05,2510.8501,2534.8501,2660.0,2627.0,89911.0,2627.0,1.0,0.0
2018-07-06,2541.8999,2602.0,2880.0,2812.55,102249.0,2812.55,1.0,0.0
2018-07-09,2828.0,2830.0,3294.0,3113.6001,364148.0,3113.6001,1.0,0.0
2018-07-10,3025.0,3124.95,3200.8501,3060.5,94850.0,3060.5,1.0,0.0
2018-07-11,2907.5,2985.0,3037.8501,2907.5,132862.0,2907.5,1.0,0.0
2018-07-12,2762.1499,2862.3,2862.3,2762.1499,6612.0,2762.1499,1.0,0.0
2018-07-13,2624.05,2645.1001,2749.0,2624.05,52368.0,2624.05,1.0,0.0
2018-07-16,0.0,0.0,0.0,0.0,0.0,0.0,1.0,0.0
2018-07-17,2368.25,2391.0,2428.3999,2368.25,91151.0,2368.25,1.0,0.0
2018-07-18,2249.8501,2322.0,2341.05,2249.8501,51735.0,2249.8501,1.0,0.0
2018-07-19,2137.3999,2137.3999,2362.3,2362.3,77407.0,2362.3,1.0,0.0
2018-07-20,2250.0,2445.0,2480.3999,2270.95,174004.0,2270.95,1.0,0.0
2018-07-23,2271.1499,2290.0,2384.45,2356.75,51768.0,2356.75,1.0,0.0
2018-07-24,2316.0,2473.0,2474.55,2429.3501,136631.0,2429.3501,1.0,0.0
2018-07-25,2330.0,2430.0,2444.05,2353.55,14164.0,2353.55,1.0,0.0
2018-07-26,2310.0,2310.0,2399.0,2383.0,18379.0,2383.0,1.0,0.0
2018-07-27,2341.0,2341.0,2398.5,2381.6499,8332.0,2381.6499,1.0,0.0
