Date,Symbol,Series,Prev Close,Open,High,Low,Last,Close,VWAP,Volume,Turnover,Trades,Deliverable Volume,%Deliverble
2015-04-15,AVANTIFEED,EQ,1805.0,1825.0,1860.0,1751.0,1760.0,1776.25,1800.78,2188,3.94010875e+11,203,1887,0.8624
2015-04-16,AVANTIFEED,EQ,1776.25,1780.1,1835.0,1421.0,1724.75,1715.6,1716.41,962,1.6511835e+11,64,802,0.8337
2015-04-17,AVANTIFEED,EQ,1715.6,1710.0,1729.75,1690.0,1700.0,1696.75,1711.32,1684,2.8818618e+11,75,1592,0.9454
2015-04-20,AVANTIFEED,EQ,1696.75,1756.75,1756.75,1628.0,1652.0,1680.6,1670.19,634,1.05889775e+11,76,595,0.9385
2015-04-21,AVANTIFEED,EQ,1680.6,1690.0,1690.0,1584.0,1598.05,1598.05,1607.4,1874,3.01227145e+11,138,1652,0.8815
2015-04-22,AVANTIFEED,EQ,1598.05,1600.0,1618.0,1570.05,1605.0,1599.9,1594.63,1442,2.29946295e+11,121,1078,0.7476
2015-04-23,AVANTIFEED,EQ,1599.9,1620.0,1620.0,1560.0,1560.0,1571.3,1592.56,3001,4.77925765e+11,163,1621,0.5402
2015-04-24,AVANTIFEED,EQ,1571.3,1571.3,1587.9,1510.05,1540.0,1527.55,1540.14,2745,4.2276863e+11,201,2085,0.7596
2015-04-27,AVANTIFEED,EQ,1527.55,1527.55,1573.45,1470.15,1560.0,1557.75,1529.98,7273,1.112752075e+12,395,6198,0.8522
2015-04-28,AVANTIFEED,EQ,1557.75,1550.0,1588.75,1481.0,1520.0,1527.7,1541.62,6917,1.06633857e+12,334,5024,0.7263
2015-04-29,AVANTIFEED,EQ,1527.7,1577.0,1629.0,1531.0,1600.0,1606.9,1578.05,3959,6.2474939e+11,279,3608,0.9113
2015-04-30,AVANTIFEED,EQ,1606.9,1591.0,1799.0,1579.0,1736.1,1733.45,1726.43,10123,1.747662665e+12,1052,5815,0.5744
2015-05-04,AVANTIFEED,EQ,1733.45,1788.0,1819.0,1751.0,1809.0,1786.4,1790.29,4573,8.1870174e+11,492,3370,0.7369
2015-05-05,AVANTIFEED,EQ,1786.4,1790.0,1844.95,1766.15,1800.0,1804.05,1816.5,4102,7.4513027e+11,425,2649,0.6458
2015-05-06,AVANTIFEED,EQ,1804.05,1810.0,1810.0,1720.0,1728.1,1726.2,1742.58,2986,5.203342e+11,272,2032,0.6805
2015-05-07,AVANTIFEED,EQ,1726.2,1721.4,1723.0,1575.0,1671.0,1647.8,1642.5,6532,1.072883675e+12,464,4370,0.669
2015-05-08,AVANTIFEED,EQ,1647.8,1630.0,1718.95,1630.0,1685.0,1686.85,1681.81,2285,3.8429256e+11,235,1694,0.7414
2015-05-11,AVANTIFEED,EQ,1686.85,1700.0,1723.95,1601.0,1684.0,1681.95,1685.87,9384,1.58202019e+12,893,5679,0.6052
2015-05-12,AVANTIFEED,EQ,1681.95,1683.95,1691.0,1649.15,1670.0,1674.7,1669.94,6389,1.066927215e+12,365,5805,0.9086
2015-05-13,AVANTIFEED,EQ,1674.7,1704.95,1705.0,1657.05,1660.0,1669.15,1683.1,1481,2.49267145e+11,162,1028,0.6941
2015-05-14,AVANTIFEED,EQ,1669.15,1698.95,1698.95,1654.0,1690.0,1681.8,1680.69,1581,2.65716325e+11,145,1135,0.7179
2015-05-15,AVANTIFEED,EQ,1681.8,1713.95,1713.95,1620.5,1645.0,1665.25,1659.08,4099,6.80057795e+11,368,3106,0.7577
2015-05-18,AVANTIFEED,EQ,1665.25,1670.4,1680.0,1635.0,1670.0,1665.75,1655.4,3315,5.48764505e+11,300,2441,0.7363
2015-05-19,AVANTIFEED,EQ,1665.75,1665.0,1686.0,1640.1,1651.0,1666.9,1672.54,4682,7.8308152e+11,330,3779,0.8071
2015-05-20,AVANTIFEED,EQ,1666.9,1665.55,1687.9,1659.0,1665.0,1666.05,1666.53,2086,3.4763812e+11,178,1886,0.9041
2015-05-21,AVANTIFEED,EQ,1666.05,1680.0,1680.0,1610.0,1613.0,1617.8,1629.48,3510,5.7194682e+11,521,2610,0.7436
2015-05-22,AVANTIFEED,EQ,1617.8,1659.75,1659.8,1610.0,1610.0,1618.35,1626.1,2655,4.3173006e+11,275,1930,0.7269
2015-05-25,AVANTIFEED,EQ,1618.35,1636.5,1649.75,1570.0,1570.0,1586.15,1608.91,2932,4.7173217e+11,419,2181,0.7439
2015-05-26,AVANTIFEED,EQ,1586.15,1595.0,1658.4,1570.05,1613.4,1599.8,1613.63,3597,5.8042227e+11,422,2620,0.7284
2015-05-27,AVANTIFEED,EQ,1599.8,1643.85,1643.9,1580.15,1586.0,1593.75,1590.47,1370,2.1789373e+11,166,937,0.6839
2015-05-28,AVANTIFEED,EQ,1593.75,1608.95,1609.0,1579.95,1584.0,1587.7,1590.06,1067,1.69659535e+11,159,865,0.8107
2015-05-29,AVANTIFEED,EQ,1587.7,1587.05,1639.0,1572.0,1590.0,1591.75,1598.26,1870,2.9887377e+11,237,1309,0.7
2015-06-01,AVANTIFEED,EQ,1591.75,1594.05,1623.7,1574.4,1601.0,1601.4,1605.62,3272,5.25357325e+11,574,2488,0.7604
2015-06-02,AVANTIFEED,EQ,1601.4,1592.25,1610.0,1580.1,1583.0,1583.3,1592.45,1016,1.6179297e+11,145,857,0.8435
2015-06-03,AVANTIFEED,EQ,1583.3,1575.2,1588.55,1530.05,1556.0,1558.75,1552.15,4227,6.5609228e+11,431,3525,0.8339
2015-06-04,AVANTIFEED,EQ,1558.75,1558.8,1569.9,1545.1,1550.0,1552.3,1553.78,1964,3.05163055e+11,237,1759,0.8956
2015-06-05,AVANTIFEED,EQ,1552.3,1530.15,1576.9,1530.15,1555.0,1550.5,1552.39,2263,3.5130641e+11,312,1815,0.802
2015-06-08,AVANTIFEED,EQ,1550.5,1572.0,1590.0,1540.0,1559.5,1551.3,1550.74,3630,5.6291756e+11,242,3303,0.9099
2015-06-09,AVANTIFEED,EQ,1551.3,1550.05,1574.8,1531.0,1539.0,1543.3,1546.58,1613,2.49462975e+11,209,1284,0.796
2015-06-10,AVANTIFEED,EQ,1543.3,1575.5,1575.85,1535.25,1535.25,1543.4,1548.81,2485,3.84880345e+11,299,1875,0.7545
2015-06-11,AVANTIFEED,EQ,1543.4,1550.05,1555.0,1500.0,1509.0,1508.6,1511.97,8018,1.212296305e+12,475,7402,0.9232
2015-06-12,AVANTIFEED,EQ,1508.6,1500.0,1500.05,1479.0,1490.55,1490.95,1490.15,3829,5.70580055e+11,326,3429,0.8955
2015-06-15,AVANTIFEED,EQ,1490.95,1510.0,1518.8,1489.0,1509.95,1499.75,1502.37,2921,4.38843665e+11,211,2632,0.9011
2015-06-16,AVANTIFEED,EQ,1499.75,1500.05,1514.95,1482.6,1512.0,1509.4,1499.51,2081,3.1204734e+11,345,1566,0.7525
2015-06-17,AVANTIFEED,EQ,1509.4,1511.0,1557.0,1500.0,1532.0,1531.1,1530.87,2283,3.49496675e+11,324,1588,0.6956
2015-06-18,AVANTIFEED,EQ,1531.1,1520.6,1599.0,1516.0,1575.0,1575.0,1568.37,3150,4.9403719e+11,499,2458,0.7803
2015-06-19,AVANTIFEED,EQ,1575.0,1578.25,1610.0,1572.45,1580.0,1580.65,1586.16,1721,2.72977855e+11,440,1396,0.8112
2015-06-22,AVANTIFEED,EQ,1580.65,1649.0,1649.0,1567.05,1570.0,1576.25,1591.24,2206,3.51027775e+11,271,1867,0.8463
2015-06-23,AVANTIFEED,EQ,1576.25,1590.3,1628.85,1554.45,1554.45,1559.75,1578.0,2860,4.5130832e+11,318,2158,0.7545
2015-06-24,AVANTIFEED,EQ,1559.75,1561.2,1580.0,1560.0,1560.0,1560.15,1563.06,1494,2.3352042e+11,150,1374,0.9197
2015-06-25,AVANTIFEED,EQ,1560.15,1566.05,1590.35,1536.0,1555.0,1558.3,1553.61,1417,2.20146455e+11,186,1151,0.8123
2015-06-26,AVANTIFEED,EQ,1558.3,1583.95,1589.95,1548.0,1560.0,1561.0,1567.66,4288,6.7221141e+11,359,3441,0.8025
2015-06-29,AVANTIFEED,EQ,1561.0,1550.05,1550.05,1500.0,1534.0,1533.8,1519.34,4469,6.7899114e+11,578,3384,0.7572
2015-06-30,AVANTIFEED,EQ,1533.8,1554.0,1554.0,1518.0,1535.05,1540.5,1540.64,1895,2.91950895e+11,185,1692,0.8929
2015-07-01,AVANTIFEED,EQ,1540.5,1530.05,1549.7,1502.6,1530.0,1534.65,1533.58,3398,5.2110882e+11,466,2253,0.663
2015-07-02,AVANTIFEED,EQ,1534.65,1532.4,1606.3,1526.2,1580.0,1576.85,1567.6,4705,7.37554925e+11,629,2808,0.5968
2015-07-03,AVANTIFEED,EQ,1576.85,1577.0,1709.5,1562.15,1690.0,1678.25,1669.54,16561,2.76492193e+12,1815,8830,0.5332
2015-07-06,AVANTIFEED,EQ,1678.25,1680.0,1797.5,1656.05,1788.0,1790.2,1754.21,17206,3.018297795e+12,2138,10534,0.6122
2015-07-07,AVANTIFEED,EQ,1790.2,1785.0,1869.5,1757.05,1780.0,1781.5,1817.12,9485,1.7235382e+12,1138,5457,0.5753
2015-07-08,AVANTIFEED,EQ,1781.5,1757.0,1950.0,1724.95,1935.0,1921.7,1879.05,26950,5.064048875e+12,3238,12743,0.4728
2015-07-09,AVANTIFEED,EQ,1921.7,1960.0,2055.0,1959.95,2025.0,2022.65,2027.68,44302,8.983022615e+12,4840,18552,0.4188
2015-07-10,AVANTIFEED,EQ,2022.65,2044.0,2148.9,2020.0,2080.0,2080.2,2091.74,33477,7.002527925e+12,3966,12826,0.3831
2015-07-13,AVANTIFEED,EQ,2080.2,2137.0,2265.0,2101.0,2260.0,2236.55,2192.46,36634,8.031867345e+12,4425,15796,0.4312
2015-07-14,AVANTIFEED,EQ,2236.55,2275.0,2348.9,2220.0,2244.0,2241.7,2285.12,21832,4.988875405e+12,3302,10195,0.467
2015-07-15,AVANTIFEED,EQ,2241.7,2225.0,2263.95,2136.0,2180.0,2200.95,2196.24,17908,3.933029645e+12,2400,8893,0.4966
2015-07-16,AVANTIFEED,EQ,2200.95,2201.35,2310.0,2163.1,2270.0,2284.05,2245.69,18863,4.236047225e+12,1687,11361,0.6023
2015-07-17,AVANTIFEED,EQ,2284.05,2298.85,2324.0,2232.5,2233.5,2256.7,2271.39,8133,1.84731755e+12,1099,5360,0.659
2015-07-20,AVANTIFEED,EQ,2256.7,2256.7,2263.6,2162.05,2193.0,2178.5,2208.69,8303,1.83387869e+12,1185,5473,0.6592
2015-07-21,AVANTIFEED,EQ,2178.5,2200.0,2222.3,2110.0,2110.0,2121.95,2164.66,3091,6.69095555e+11,815,2119,0.6855
2015-07-22,AVANTIFEED,EQ,2121.95,2121.95,2140.0,2075.0,2090.0,2091.6,2097.59,6051,1.26925441e+12,1035,4545,0.7511
2015-07-23,AVANTIFEED,EQ,2091.6,2089.55,2160.05,2051.1,2070.0,2064.2,2103.31,5166,1.086568815e+12,1174,3656,0.7077
2015-07-24,AVANTIFEED,EQ,2064.2,2064.25,2160.0,2057.55,2133.1,2138.25,2125.23,7446,1.582442775e+12,1794,3060,0.411
2015-07-27,AVANTIFEED,EQ,2138.25,2187.0,2248.0,2155.0,2210.0,2205.2,2208.17,8958,1.978081865e+12,1536,6094,0.6803
2015-07-28,AVANTIFEED,EQ,2205.2,2210.05,2250.0,2190.0,2200.0,2201.05,2220.64,3899,8.65827015e+11,814,2124,0.5448
2015-07-29,AVANTIFEED,EQ,2201.05,2222.95,2321.5,2198.0,2300.0,2308.65,2264.89,8426,1.908396765e+12,1278,6282,0.7455
2015-07-30,AVANTIFEED,EQ,2308.65,2320.0,2418.0,2308.0,2325.0,2338.5,2368.85,10885,2.578489995e+12,1905,6728,0.6181
2015-07-31,AVANTIFEED,EQ,2338.5,2380.0,2435.0,2340.0,2392.0,2405.75,2396.86,9718,2.329268425e+12,1664,5467,0.5626
2015-08-03,AVANTIFEED,EQ,2405.75,2440.6,2525.0,2435.0,2510.0,2509.7,2485.16,15118,3.757059645e+12,1942,8401,0.5557
2015-08-04,AVANTIFEED,EQ,2509.7,2522.0,2590.0,2510.0,2575.0,2568.05,2552.53,13325,3.401240765e+12,2249,8046,0.6038
2015-08-05,AVANTIFEED,EQ,2568.05,2597.0,2682.0,2559.95,2560.0,2561.75,2604.71,17698,4.609820255e+12,2147,12557,0.7095
2015-08-06,AVANTIFEED,EQ,2561.75,2562.0,2591.8,2401.0,2419.0,2430.75,2450.81,10132,2.48315683e+12,2599,5158,0.5091
2015-08-07,AVANTIFEED,EQ,2430.75,2429.9,2563.6,2341.0,2544.0,2548.6,2511.93,16715,4.198684905e+12,2912,7900,0.4726
2015-08-10,AVANTIFEED,EQ,2548.6,2820.0,3058.3,2815.0,2932.05,2936.35,2999.46,134658,4.0390161095e+13,12547,47208,0.3506
2015-08-11,AVANTIFEED,EQ,2936.35,2950.0,2954.0,2780.0,2794.0,2794.35,2828.47,17153,4.85167783e+12,2396,9487,0.5531
2015-08-12,AVANTIFEED,EQ,2794.35,2794.0,2866.95,2700.0,2730.0,2750.45,2805.54,15433,4.329782355e+12,2573,7842,0.5081
2015-08-13,AVANTIFEED,EQ,2750.45,2750.45,2805.0,2650.0,2701.1,2688.45,2712.89,8779,2.381645335e+12,1679,4758,0.542
2015-08-14,AVANTIFEED,EQ,2688.45,2730.0,3024.7,2699.95,2908.0,2870.25,2841.54,14608,4.150918605e+12,1770,7909,0.5414
2015-08-17,AVANTIFEED,EQ,2870.25,2967.0,3048.65,2916.5,3034.7,3025.9,3004.92,26361,7.921282145e+12,3465,14213,0.5392
2015-08-18,AVANTIFEED,EQ,3025.9,3051.0,3195.0,3051.0,3165.5,3177.95,3158.57,20018,6.32282188e+12,2646,9488,0.474
2015-08-19,AVANTIFEED,EQ,3177.95,3188.0,3248.0,3060.0,3137.1,3119.0,3115.19,18653,5.810765635e+12,1918,11296,0.6056
2015-08-20,AVANTIFEED,EQ,3119.0,3133.0,3160.0,3000.0,3030.0,3032.75,3070.18,7072,2.171228305e+12,1429,4358,0.6162
2015-08-21,AVANTIFEED,EQ,3032.75,3000.0,3084.95,2843.65,3050.0,3057.2,2969.04,13153,3.90517275e+12,2444,6635,0.5044
2015-08-24,AVANTIFEED,EQ,3057.2,2900.0,2960.0,2541.0,2640.0,2632.35,2749.77,23758,6.532902365e+12,3997,15252,0.642
2015-08-25,AVANTIFEED,EQ,2632.35,2570.95,2751.1,2279.95,2678.0,2630.4,2499.49,25393,6.34695316e+12,4529,12671,0.499
2015-08-26,AVANTIFEED,EQ,2630.4,2650.0,2697.0,2500.0,2505.0,2551.1,2583.26,12964,3.348944675e+12,2162,8527,0.6577
2015-08-27,AVANTIFEED,EQ,2551.1,2658.0,2691.0,2560.0,2560.0,2588.0,2599.11,9498,2.468633465e+12,1880,6777,0.7135
2015-08-28,AVANTIFEED,EQ,2588.0,2650.0,2734.95,2600.0,2675.0,2662.85,2677.96,17571,4.705441125e+12,2409,8750,0.498
2015-08-31,AVANTIFEED,EQ,2662.85,2680.0,2680.0,2599.95,2616.5,2620.55,2636.53,4202,1.10787117e+12,904,2554,0.6078
2015-09-01,AVANTIFEED,EQ,2620.55,2582.0,2589.05,2506.0,2550.0,2525.9,2530.12,7622,1.928456125e+12,1049,5303,0.6957
2015-09-02,AVANTIFEED,EQ,2525.9,2550.0,2650.0,2475.0,2510.0,2508.1,2519.56,5025,1.266078885e+12,909,2521,0.5017
2015-09-03,AVANTIFEED,EQ,2508.1,2549.4,2720.0,2520.0,2700.0,2677.9,2649.24,19522,5.17184389e+12,2799,10694,0.5478
2015-09-04,AVANTIFEED,EQ,2677.9,2739.9,2795.45,2674.0,2702.0,2694.95,2727.68,22572,6.15691319e+12,3078,10764,0.4769
2015-09-07,AVANTIFEED,EQ,2694.95,2745.0,2825.0,2593.0,2672.0,2660.2,2716.38,12854,3.491639235e+12,1449,7273,0.5658
2015-09-08,AVANTIFEED,EQ,2660.2,2665.0,2694.0,2559.95,2612.6,2623.85,2626.14,7276,1.910783025e+12,1197,4081,0.5609
2015-09-09,AVANTIFEED,EQ,2623.85,2739.25,2774.9,2660.05,2745.0,2731.4,2734.09,7731,2.113727775e+12,1139,4268,0.5521
2015-09-10,AVANTIFEED,EQ,2731.4,2717.95,2750.0,2675.0,2731.0,2731.0,2718.44,4815,1.308926495e+12,972,2791,0.5796
2015-09-11,AVANTIFEED,EQ,2731.0,2766.0,2855.0,2753.95,2840.0,2830.9,2814.83,8885,2.50097541e+12,1762,4841,0.5449
2015-09-14,AVANTIFEED,EQ,2830.9,2895.0,2935.5,2806.0,2880.0,2878.75,2887.28,9414,2.71808687e+12,1676,4816,0.5116
2015-09-15,AVANTIFEED,EQ,2878.75,2899.0,2899.0,2799.0,2830.0,2838.45,2852.86,5269,1.50317381e+12,1048,3141,0.5961
2015-09-16,AVANTIFEED,EQ,2838.45,2861.7,2885.0,2817.65,2842.95,2842.9,2847.5,5271,1.500918155e+12,998,3367,0.6388
2015-09-18,AVANTIFEED,EQ,2842.9,2842.9,2925.1,2842.9,2910.0,2915.8,2904.22,8274,2.402952425e+12,1190,6068,0.7334
2015-09-21,AVANTIFEED,EQ,2915.8,2914.95,2914.95,2840.0,2864.0,2873.2,2866.96,5550,1.591165355e+12,709,4169,0.7512
2015-09-22,AVANTIFEED,EQ,2873.2,2910.0,2924.65,2851.0,2867.0,2880.9,2887.34,3718,1.07351263e+12,1424,2501,0.6727
2015-09-23,AVANTIFEED,EQ,2880.9,2850.05,2935.0,2782.15,2919.0,2906.95,2872.41,4917,1.41236307e+12,962,3286,0.6683
2015-09-24,AVANTIFEED,EQ,2906.95,2920.0,2969.8,2919.95,2950.0,2950.55,2944.24,5034,1.48212799e+12,777,3812,0.7573
2015-09-28,AVANTIFEED,EQ,2950.55,2962.0,3086.05,2944.95,3050.0,3055.55,3035.21,13463,4.08630765e+12,2048,6258,0.4648
2015-09-29,AVANTIFEED,EQ,3055.55,3015.0,3290.0,3000.05,3160.0,3159.6,3163.69,21861,6.916138175e+12,3028,7528,0.3444
2015-09-30,AVANTIFEED,EQ,3159.6,3206.0,3297.9,3155.5,3221.0,3224.1,3238.97,8874,2.87425755e+12,1578,4529,0.5104
2015-10-01,AVANTIFEED,EQ,3224.1,3272.0,3299.95,3150.0,3189.0,3171.95,3228.05,5517,1.780913525e+12,1040,3635,0.6589
2015-10-05,AVANTIFEED,EQ,3171.95,3213.8,3318.7,3194.95,3300.0,3297.85,3272.66,11621,3.803159065e+12,2543,6805,0.5856
2015-10-06,AVANTIFEED,EQ,3297.85,3343.0,3343.0,3260.05,3285.5,3272.45,3292.1,4067,1.33889652e+12,1144,2589,0.6366
2015-10-07,AVANTIFEED,EQ,3272.45,3321.0,3326.4,3100.0,3291.4,3290.45,3290.37,4733,1.557333205e+12,1510,3295,0.6962
2015-10-08,AVANTIFEED,EQ,3290.45,3276.35,3348.0,3240.0,3313.0,3296.35,3307.77,9526,3.15098573e+12,1744,6716,0.705
2015-10-09,AVANTIFEED,EQ,3296.35,3300.0,3364.1,3280.0,3340.0,3338.05,3325.74,6990,2.3246937e+12,1341,4405,0.6302
2015-10-12,AVANTIFEED,EQ,3338.05,3335.05,3394.95,3275.7,3314.95,3300.05,3347.29,4893,1.637828315e+12,1195,2943,0.6015
2015-10-13,AVANTIFEED,EQ,3300.05,3330.95,3343.9,3240.0,3265.0,3274.25,3271.28,1909,6.2448728e+11,605,1233,0.6459
2015-10-14,AVANTIFEED,EQ,3274.25,3274.25,3319.95,3245.1,3266.0,3271.85,3282.48,3427,1.12490616e+12,889,1960,0.5719
2015-10-15,AVANTIFEED,EQ,3271.85,3249.95,3320.0,3249.95,3256.05,3274.35,3283.29,3882,1.27457292e+12,482,3066,0.7898
2015-10-16,AVANTIFEED,EQ,3274.35,3275.05,3275.05,3090.05,3125.0,3149.0,3166.63,9942,3.14826156e+12,1969,5854,0.5888
2015-10-19,AVANTIFEED,EQ,3149.0,3101.0,3148.0,2805.05,2861.0,2865.15,2915.92,42727,1.2458865885e+13,6268,24120,0.5645
2015-10-20,AVANTIFEED,EQ,2865.15,2919.95,2999.0,2833.3,2900.0,2898.5,2925.21,13701,4.007826575e+12,2522,6639,0.4846
2015-10-21,AVANTIFEED,EQ,2898.5,2920.0,2975.0,2901.0,2912.0,2917.3,2938.59,5850,1.719077195e+12,919,4087,0.6986
2015-10-23,AVANTIFEED,EQ,2917.3,2935.0,3030.0,2915.0,3005.0,3003.25,2988.87,13176,3.93813358e+12,2711,5793,0.4397
2015-10-26,AVANTIFEED,EQ,3003.25,3030.0,3054.0,2995.0,3005.5,3012.55,3019.3,7660,2.31278325e+12,1984,3846,0.5021
2015-10-27,AVANTIFEED,EQ,3012.55,3032.95,3042.7,2930.0,2930.0,2942.1,2989.45,6693,2.000840395e+12,1149,5009,0.7484
2015-10-28,AVANTIFEED,EQ,2942.1,2972.0,2975.0,2920.1,2956.95,2937.45,2947.14,4022,1.18533962e+12,955,2575,0.6402
2015-10-29,AVANTIFEED,EQ,2937.45,2976.95,2976.95,2885.0,2885.0,2911.85,2922.63,3445,1.006847135e+12,739,2414,0.7007
2015-10-30,AVANTIFEED,EQ,2911.85,2890.0,2900.0,2701.0,2730.0,2735.25,2794.38,12187,3.405510205e+12,2398,9075,0.7446
2015-11-02,AVANTIFEED,EQ,2735.25,2731.1,2735.0,2571.8,2598.0,2590.2,2627.67,14801,3.889212295e+12,2109,11078,0.7485
2015-11-03,AVANTIFEED,EQ,2590.2,2600.0,2685.0,2510.0,2597.8,2594.4,2578.41,11921,3.07371912e+12,1887,6571,0.5512
2015-11-04,AVANTIFEED,EQ,2594.4,2600.0,2769.3,2595.0,2735.0,2721.6,2690.88,24554,6.60718082e+12,3145,12444,0.5068
2015-11-05,AVANTIFEED,EQ,2721.6,2750.0,2800.0,2680.5,2701.8,2734.25,2769.1,9900,2.741406915e+12,1390,4449,0.4494
2015-11-06,AVANTIFEED,EQ,2734.25,2730.0,2765.0,2661.0,2684.0,2687.6,2705.14,4289,1.160233495e+12,885,2944,0.6864
2015-11-09,AVANTIFEED,EQ,2687.6,2480.0,2618.85,2349.95,2545.9,2544.55,2515.15,30217,7.600020895e+12,3492,19325,0.6395
2015-11-10,AVANTIFEED,EQ,2544.55,2590.0,2625.0,2500.0,2609.7,2600.75,2593.03,11846,3.07170758e+12,1280,6472,0.5463
2015-11-11,AVANTIFEED,EQ,2600.75,2603.0,2625.0,2500.0,2588.0,2593.8,2583.87,2706,6.9919507e+11,508,1624,0.6001
2015-11-13,AVANTIFEED,EQ,2593.8,2578.0,2578.0,2460.0,2500.0,2492.85,2496.61,11529,2.878338215e+12,1971,7276,0.6311
2015-11-16,AVANTIFEED,EQ,2492.85,2480.0,2500.0,2442.0,2453.2,2464.1,2461.63,9943,2.44759563e+12,1138,8303,0.8351
2015-11-17,AVANTIFEED,EQ,2464.1,2480.05,2565.0,2471.9,2501.05,2513.2,2526.3,7753,1.958643465e+12,1221,4398,0.5673
2015-11-18,AVANTIFEED,EQ,2513.2,2519.3,2698.0,2518.0,2649.1,2642.6,2634.44,16658,4.38844752e+12,3160,8709,0.5228
2015-11-19,AVANTIFEED,EQ,2642.6,2700.0,2760.0,2700.0,2757.0,2747.1,2740.19,11684,3.201642075e+12,2043,6881,0.5889
2015-11-20,AVANTIFEED,EQ,2747.1,2789.0,2825.0,2780.0,2819.5,2811.45,2807.03,8096,2.272567575e+12,2139,4919,0.6076
2015-11-23,AVANTIFEED,EQ,2811.45,2811.5,2848.0,2585.0,2632.0,2639.8,2664.64,20847,5.554972005e+12,3660,12121,0.5814
2015-11-24,AVANTIFEED,EQ,2639.8,2649.0,2720.0,2619.95,2636.5,2636.5,2663.12,9126,2.43036026e+12,1326,6256,0.6855
2015-11-26,AVANTIFEED,EQ,2636.5,531.0,542.0,518.25,519.1,521.4,526.93,35583,1.8749883e+12,2071,21960,0.6171
2015-11-27,AVANTIFEED,EQ,521.4,528.95,528.95,498.65,505.0,502.0,507.82,32119,1.631056985e+12,2181,22703,0.7068
2015-11-30,AVANTIFEED,EQ,502.0,515.0,515.0,475.0,484.1,484.65,482.37,91104,4.394581115e+12,6195,52188,0.5728
2015-12-01,AVANTIFEED,EQ,484.65,485.0,519.9,472.0,499.9,493.7,504.37,71255,3.5938749e+12,4241,29617,0.4156
2015-12-02,AVANTIFEED,EQ,493.7,502.95,506.4,493.0,500.0,497.8,498.04,34559,1.72116189e+12,2838,19328,0.5593
2015-12-03,AVANTIFEED,EQ,497.8,500.1,505.0,480.0,493.0,489.5,495.79,29249,1.450135805e+12,2576,20245,0.6922
2015-12-04,AVANTIFEED,EQ,489.5,489.0,498.4,481.1,485.05,488.25,490.22,42760,2.096169365e+12,5683,29396,0.6875
2015-12-07,AVANTIFEED,EQ,488.25,494.35,495.0,480.0,483.85,482.35,486.31,44241,2.151489725e+12,1901,35986,0.8134
2015-12-08,AVANTIFEED,EQ,482.35,481.8,508.0,480.0,495.0,495.3,495.9,55181,2.73644565e+12,3868,33856,0.6135
2015-12-09,AVANTIFEED,EQ,495.3,499.95,507.0,485.0,487.1,489.9,496.39,53866,2.67387324e+12,3449,33970,0.6306
2015-12-10,AVANTIFEED,EQ,489.9,493.9,495.0,483.1,489.9,486.7,487.76,20029,9.76931245e+11,1338,12687,0.6334
2015-12-11,AVANTIFEED,EQ,486.7,490.3,490.35,464.0,474.9,470.65,474.71,28948,1.37419937e+12,1423,17148,0.5924
2015-12-14,AVANTIFEED,EQ,470.65,471.8,471.8,453.0,460.0,460.5,459.59,31279,1.4375668e+12,1325,20568,0.6576
2015-12-15,AVANTIFEED,EQ,460.5,458.0,462.7,437.55,452.0,449.95,446.14,77690,3.466045445e+12,2889,46671,0.6007
2015-12-16,AVANTIFEED,EQ,449.95,453.1,459.7,440.55,441.5,442.35,448.91,52643,2.36317713e+12,2332,37809,0.7182
2015-12-17,AVANTIFEED,EQ,442.35,454.9,461.9,445.35,460.95,459.45,454.73,86589,3.93741895e+12,3598,56954,0.6578
2015-12-18,AVANTIFEED,EQ,459.45,453.6,493.9,453.5,475.15,476.35,481.41,103956,5.004566785e+12,4621,39602,0.3809
2015-12-21,AVANTIFEED,EQ,476.35,480.85,492.0,461.6,466.5,465.7,476.03,50195,2.38945292e+12,2259,27955,0.5569
2015-12-22,AVANTIFEED,EQ,465.7,465.65,470.9,448.95,453.0,452.95,455.27,48500,2.20807953e+12,1667,30259,0.6239
2015-12-23,AVANTIFEED,EQ,452.95,468.95,474.9,460.0,462.9,462.85,464.76,46206,2.147453555e+12,2080,15101,0.3268
2015-12-24,AVANTIFEED,EQ,462.85,467.0,470.0,451.0,452.0,452.75,457.42,27910,1.276656595e+12,1297,19372,0.6941
2015-12-28,AVANTIFEED,EQ,452.75,457.9,458.7,450.0,451.95,451.25,454.55,25834,1.174273095e+12,1212,18782,0.727
2015-12-29,AVANTIFEED,EQ,451.25,451.0,455.7,443.0,445.25,446.8,449.25,40798,1.832843295e+12,1329,27142,0.6653
2015-12-30,AVANTIFEED,EQ,446.8,450.0,450.7,441.6,445.0,443.9,445.77,23914,1.066013765e+12,1024,17654,0.7382
2015-12-31,AVANTIFEED,EQ,443.9,448.9,448.9,437.4,439.9,439.7,439.88,32724,1.43946487e+12,1139,22498,0.6875
2016-01-01,AVANTIFEED,EQ,439.7,439.0,439.05,425.0,428.4,427.55,431.18,59531,2.56683772e+12,1713,46459,0.7804
2016-01-04,AVANTIFEED,EQ,427.55,427.55,434.8,408.35,420.1,413.9,420.0,65500,2.75097388e+12,2932,36391,0.5556
2016-01-05,AVANTIFEED,EQ,413.9,425.0,431.8,415.2,423.0,424.1,425.47,29133,1.23953275e+12,1305,14659,0.5032
2016-01-06,AVANTIFEED,EQ,424.1,426.95,446.0,426.0,427.1,429.25,434.06,39415,1.7108382e+12,1851,21560,0.547
2016-01-07,AVANTIFEED,EQ,429.25,423.9,429.0,410.0,417.0,421.05,418.17,30045,1.2564031e+12,1514,22268,0.7412
2016-01-08,AVANTIFEED,EQ,421.05,411.55,431.0,411.55,424.85,425.25,423.42,27909,1.18173289e+12,1717,17427,0.6244
2016-01-11,AVANTIFEED,EQ,425.25,424.85,426.9,415.0,417.0,417.4,419.46,19422,8.14672395e+11,741,13031,0.6709
2016-01-12,AVANTIFEED,EQ,417.4,420.0,423.8,400.0,400.5,400.25,406.6,58823,2.391731645e+12,2093,39654,0.6741
2016-01-13,AVANTIFEED,EQ,400.25,400.25,410.5,370.0,393.65,393.95,394.04,68467,2.697860075e+12,3324,43213,0.6312
2016-01-14,AVANTIFEED,EQ,393.95,388.0,399.0,365.0,395.0,396.95,389.91,35148,1.37047314e+12,1631,24044,0.6841
2016-01-15,AVANTIFEED,EQ,396.95,400.05,404.55,380.0,383.0,384.5,392.96,27186,1.06830462e+12,1313,18835,0.6928
2016-01-18,AVANTIFEED,EQ,384.5,377.0,379.55,338.5,342.05,347.05,354.87,68612,2.43485826e+12,2749,50534,0.7365
2016-01-19,AVANTIFEED,EQ,347.05,345.85,357.5,331.05,350.0,345.75,349.77,89326,3.12433531e+12,1902,61549,0.689
2016-01-20,AVANTIFEED,EQ,345.75,345.75,360.0,332.0,354.0,350.7,349.69,35900,1.255383835e+12,1340,23890,0.6655
2016-01-21,AVANTIFEED,EQ,350.7,356.05,364.9,348.5,358.0,353.15,355.85,26043,9.26739905e+11,1013,16515,0.6341
2016-01-22,AVANTIFEED,EQ,353.15,360.0,379.0,357.3,378.0,375.55,369.26,39987,1.476546785e+12,1585,25332,0.6335
2016-01-25,AVANTIFEED,EQ,375.55,383.0,395.0,378.0,393.2,394.6,394.27,47424,1.869764225e+12,1156,34661,0.7309
2016-01-27,AVANTIFEED,EQ,394.6,395.0,395.0,379.95,381.9,381.25,382.72,23763,9.09462115e+11,766,14653,0.6166
2016-01-28,AVANTIFEED,EQ,381.25,376.5,384.95,365.55,373.0,372.85,372.99,20691,7.7175347e+11,747,14890,0.7196
2016-01-29,AVANTIFEED,EQ,372.85,372.05,395.0,370.0,388.0,393.55,387.63,63978,2.47995056e+12,2312,44963,0.7028
2016-02-01,AVANTIFEED,EQ,393.55,404.45,442.9,404.45,428.9,428.85,430.02,157535,6.77432807e+12,5289,69291,0.4398
2016-02-02,AVANTIFEED,EQ,428.85,431.0,432.95,411.0,414.0,416.6,420.86,40655,1.71101132e+12,1667,20984,0.5161
2016-02-03,AVANTIFEED,EQ,416.6,404.0,425.0,397.15,414.2,413.3,415.16,46700,1.938818495e+12,1978,29427,0.6301
2016-02-04,AVANTIFEED,EQ,413.3,424.15,440.0,408.0,410.0,410.2,413.6,16914,6.99563265e+11,1101,9895,0.585
2016-02-05,AVANTIFEED,EQ,410.2,411.15,418.5,400.0,410.6,414.45,410.07,21167,8.6800363e+11,1024,14489,0.6845
2016-02-08,AVANTIFEED,EQ,414.45,428.9,430.05,418.9,422.0,420.45,422.69,14054,5.9404951e+11,904,11214,0.7979
2016-02-09,AVANTIFEED,EQ,420.45,408.0,424.0,408.0,420.0,419.7,418.18,15847,6.62683185e+11,746,13122,0.828
2016-02-10,AVANTIFEED,EQ,419.7,419.0,420.1,405.2,406.0,407.85,409.76,24191,9.91259115e+11,938,17967,0.7427
2016-02-11,AVANTIFEED,EQ,407.85,410.1,410.1,379.05,387.0,382.85,386.66,59756,2.31053122e+12,1979,47822,0.8003
2016-02-12,AVANTIFEED,EQ,382.85,374.6,384.0,356.2,380.0,381.0,370.58,50872,1.8852391e+12,3448,34385,0.6759
2016-02-15,AVANTIFEED,EQ,381.0,399.8,400.0,388.5,391.0,390.85,392.55,26967,1.05858536e+12,1053,19458,0.7215
2016-02-16,AVANTIFEED,EQ,390.85,392.0,399.05,385.0,386.15,387.45,390.21,16437,6.41388025e+11,983,12953,0.788
2016-02-17,AVANTIFEED,EQ,387.45,387.85,393.4,370.0,381.05,383.15,381.36,22623,8.6274266e+11,2032,15022,0.664
2016-02-18,AVANTIFEED,EQ,383.15,397.8,397.8,383.0,390.0,388.25,388.05,11594,4.4990897e+11,418,8350,0.7202
2016-02-19,AVANTIFEED,EQ,388.25,385.0,391.0,380.0,390.0,386.4,387.6,14249,5.522939e+11,524,11620,0.8155
2016-02-22,AVANTIFEED,EQ,386.4,397.8,397.8,382.0,390.0,385.7,384.85,10058,3.87080325e+11,687,7238,0.7196
2016-02-23,AVANTIFEED,EQ,385.7,387.0,391.35,380.0,381.9,381.35,384.82,14724,5.66602635e+11,637,12574,0.854
2016-02-24,AVANTIFEED,EQ,381.35,387.85,394.0,380.15,384.3,383.8,385.9,24684,9.52556405e+11,782,12497,0.5063
2016-02-25,AVANTIFEED,EQ,383.8,382.95,391.85,379.1,382.0,381.25,387.39,9068,3.51284145e+11,423,6711,0.7401
2016-02-26,AVANTIFEED,EQ,381.25,389.05,390.0,354.55,369.0,367.2,366.92,19801,7.2653835e+11,1197,10538,0.5322
2016-02-29,AVANTIFEED,EQ,367.2,369.05,377.0,355.3,360.0,361.5,363.83,17552,6.38586155e+11,1492,10332,0.5887
2016-03-01,AVANTIFEED,EQ,361.5,375.0,388.0,361.65,380.0,379.3,374.37,17199,6.43882715e+11,1127,11523,0.67
2016-03-02,AVANTIFEED,EQ,379.3,382.0,397.0,380.5,385.0,385.7,390.31,29313,1.144110605e+12,882,17683,0.6032
2016-03-03,AVANTIFEED,EQ,385.7,396.95,397.0,380.5,385.75,382.2,385.65,14400,5.5533213e+11,755,11129,0.7728
2016-03-04,AVANTIFEED,EQ,382.2,391.95,406.0,382.0,403.0,403.35,397.65,40183,1.597882715e+12,1503,23911,0.5951
2016-03-08,AVANTIFEED,EQ,403.35,406.0,414.8,400.3,403.0,404.15,409.07,24661,1.00879808e+12,1130,16658,0.6755
2016-03-09,AVANTIFEED,EQ,404.15,404.2,408.9,391.3,408.5,407.4,405.76,22419,9.096629e+11,668,18283,0.8155
2016-03-10,AVANTIFEED,EQ,407.4,409.0,419.1,408.95,416.0,414.1,414.22,18020,7.4642496e+11,774,11400,0.6326
2016-03-11,AVANTIFEED,EQ,414.1,406.0,423.35,406.0,410.1,412.1,416.82,14685,6.12107025e+11,803,10169,0.6925
2016-03-14,AVANTIFEED,EQ,412.1,419.85,421.3,412.0,413.0,414.0,415.93,14422,5.9985426e+11,562,10894,0.7554
2016-03-15,AVANTIFEED,EQ,414.0,417.95,419.9,402.2,405.0,404.85,408.45,21360,8.72457355e+11,826,14471,0.6775
2016-03-16,AVANTIFEED,EQ,404.85,401.0,413.0,401.0,405.0,405.75,405.83,16758,6.8009799e+11,615,13075,0.7802
2016-03-17,AVANTIFEED,EQ,405.75,414.85,432.0,393.0,400.05,397.25,413.97,70549,2.920532455e+12,3194,32075,0.4546
2016-03-18,AVANTIFEED,EQ,397.25,410.95,410.95,397.9,400.0,401.75,402.93,35605,1.43463679e+12,1159,25212,0.7081
2016-03-21,AVANTIFEED,EQ,401.75,405.7,408.0,396.3,399.0,399.05,399.01,28320,1.13000158e+12,1020,21794,0.7696
2016-03-22,AVANTIFEED,EQ,399.05,402.0,420.0,399.1,405.8,404.3,408.03,28844,1.176918025e+12,1469,14164,0.4911
2016-03-23,AVANTIFEED,EQ,404.3,404.0,409.0,398.0,401.1,400.45,403.1,10081,4.06368155e+11,574,6794,0.6739
2016-03-28,AVANTIFEED,EQ,400.45,401.0,405.0,387.0,395.0,391.85,396.73,25524,1.012609305e+12,915,10602,0.4154
2016-03-29,AVANTIFEED,EQ,391.85,392.0,400.0,385.5,391.3,390.85,391.5,17865,6.9942159e+11,689,12430,0.6958
2016-03-30,AVANTIFEED,EQ,390.85,396.4,409.0,393.05,397.8,398.75,401.43,31213,1.25297327e+12,1300,18195,0.5829
2016-03-31,AVANTIFEED,EQ,398.75,395.0,407.0,395.0,396.5,397.8,400.95,25086,1.00582946e+12,1127,15340,0.6115
2016-04-01,AVANTIFEED,EQ,397.8,392.5,403.85,392.5,400.1,400.55,399.54,16086,6.4269596e+11,857,11151,0.6932
2016-04-04,AVANTIFEED,EQ,400.55,402.1,413.0,400.0,412.9,409.75,404.96,21332,8.6385524e+11,632,15220,0.7135
2016-04-05,AVANTIFEED,EQ,409.75,410.5,411.0,398.0,398.0,399.85,403.28,19630,7.91639775e+11,921,12053,0.614
2016-04-06,AVANTIFEED,EQ,399.85,400.2,408.0,389.0,399.0,397.85,396.5,22980,9.1116528e+11,1748,14293,0.622
2016-04-07,AVANTIFEED,EQ,397.85,398.05,405.85,395.5,397.0,399.6,400.91,7554,3.028506e+11,503,4203,0.5564
2016-04-08,AVANTIFEED,EQ,399.6,395.0,408.0,395.0,400.0,400.55,402.17,13733,5.52294345e+11,602,7764,0.5654
2016-04-11,AVANTIFEED,EQ,400.55,401.0,418.0,396.1,413.65,413.75,410.89,40630,1.66942931e+12,1323,28294,0.6964
2016-04-12,AVANTIFEED,EQ,413.75,415.1,475.0,411.0,465.0,463.5,456.45,199814,9.12046529e+12,7435,87953,0.4402
2016-04-13,AVANTIFEED,EQ,463.5,471.05,484.0,465.0,467.8,468.25,473.54,86725,4.10673237e+12,3731,42258,0.4873
2016-04-18,AVANTIFEED,EQ,468.25,463.0,477.8,453.0,461.0,460.0,465.47,44061,2.050912995e+12,2200,25179,0.5715
2016-04-20,AVANTIFEED,EQ,460.0,462.25,469.8,456.0,461.6,460.95,462.47,24405,1.12866576e+12,2177,15026,0.6157
2016-04-21,AVANTIFEED,EQ,460.95,462.1,468.0,457.1,458.05,459.0,462.33,18257,8.4407263e+11,944,13037,0.7141
2016-04-22,AVANTIFEED,EQ,459.0,459.15,463.0,453.0,459.0,458.0,458.76,23711,1.08777479e+12,1336,15591,0.6575
2016-04-25,AVANTIFEED,EQ,458.0,467.95,467.95,448.2,450.0,450.45,453.7,26937,1.222125135e+12,1203,18175,0.6747
2016-04-26,AVANTIFEED,EQ,450.45,455.9,458.95,444.1,452.0,453.6,452.8,13207,5.9800883e+11,915,7006,0.5305
2016-04-27,AVANTIFEED,EQ,453.6,458.95,458.95,449.0,452.0,452.5,452.1,11869,5.36598195e+11,618,7959,0.6706
2016-04-28,AVANTIFEED,EQ,452.5,455.0,455.0,438.0,441.7,441.7,445.2,15748,7.01101765e+11,651,11770,0.7474
2016-04-29,AVANTIFEED,EQ,441.7,441.7,449.0,433.0,443.45,440.65,442.73,13289,5.88349425e+11,778,5895,0.4436
2016-05-02,AVANTIFEED,EQ,440.65,446.75,447.7,437.0,438.9,437.7,442.03,13848,6.12129585e+11,775,9543,0.6891
2016-05-03,AVANTIFEED,EQ,437.7,441.0,456.0,436.0,446.0,445.35,448.58,23149,1.03842868e+12,1131,12880,0.5564
2016-05-04,AVANTIFEED,EQ,445.35,452.75,453.9,441.45,448.5,445.55,448.9,13622,6.11491415e+11,1036,6865,0.504
2016-05-05,AVANTIFEED,EQ,445.55,449.95,478.0,445.05,465.1,466.9,469.92,116969,5.49660226e+12,5045,32630,0.279
2016-05-06,AVANTIFEED,EQ,466.9,462.1,465.25,454.6,454.6,456.6,458.43,27459,1.2587997e+12,1035,13455,0.49
2016-05-09,AVANTIFEED,EQ,456.6,459.9,460.0,450.1,452.65,454.05,455.81,18162,8.2784197e+11,1714,10470,0.5765
2016-05-10,AVANTIFEED,EQ,454.05,459.7,459.7,447.85,449.95,450.15,450.86,18286,8.2443611e+11,1452,11555,0.6319
2016-05-11,AVANTIFEED,EQ,450.15,446.1,457.25,445.0,449.9,448.7,449.82,26573,1.195315585e+12,1407,17991,0.677
2016-05-12,AVANTIFEED,EQ,448.7,453.9,462.7,450.0,462.0,459.45,456.88,14072,6.42922395e+11,762,7872,0.5594
2016-05-13,AVANTIFEED,EQ,459.45,461.5,474.65,453.0,463.0,463.0,465.38,60278,2.80524359e+12,2168,38211,0.6339
2016-05-16,AVANTIFEED,EQ,463.0,469.1,474.0,461.1,467.55,466.35,467.95,23251,1.08804128e+12,1202,14203,0.6109
2016-05-17,AVANTIFEED,EQ,466.35,472.1,479.9,465.95,469.65,470.95,473.57,31376,1.485861045e+12,1363,12854,0.4097
2016-05-18,AVANTIFEED,EQ,470.95,468.0,472.0,460.5,465.0,465.5,466.7,13451,6.27757925e+11,707,8738,0.6496
2016-05-19,AVANTIFEED,EQ,465.5,468.1,471.6,456.0,459.6,460.9,464.49,16508,7.6677503e+11,700,13154,0.7968
2016-05-20,AVANTIFEED,EQ,460.9,461.8,465.85,461.8,462.5,463.4,463.69,16696,7.74183965e+11,563,11856,0.7101
2016-05-23,AVANTIFEED,EQ,463.4,475.0,480.0,465.0,467.0,469.25,472.62,60338,2.85170501e+12,2596,31751,0.5262
2016-05-24,AVANTIFEED,EQ,469.25,469.1,477.0,446.85,452.85,450.85,458.74,38069,1.746367275e+12,2960,25082,0.6589
2016-05-25,AVANTIFEED,EQ,450.85,450.1,462.8,449.1,453.35,452.0,454.54,21874,9.94269305e+11,979,15158,0.693
2016-05-26,AVANTIFEED,EQ,452.0,453.0,465.9,446.85,455.0,452.4,458.51,30376,1.39277144e+12,1218,8447,0.2781
2016-05-27,AVANTIFEED,EQ,452.4,461.0,461.0,447.15,460.0,457.35,456.18,15698,7.16106605e+11,887,8261,0.5262
2016-05-30,AVANTIFEED,EQ,457.35,460.0,471.5,450.6,471.0,466.8,464.54,25457,1.18257406e+12,1376,16349,0.6422
2016-05-31,AVANTIFEED,EQ,466.8,470.9,475.0,463.0,464.0,466.1,468.96,17641,8.2729719e+11,902,10036,0.5689
2016-06-01,AVANTIFEED,EQ,466.1,470.0,494.85,466.0,482.6,483.65,485.23,64612,3.13518096e+12,3103,30744,0.4758
2016-06-02,AVANTIFEED,EQ,483.65,485.0,489.8,478.0,481.25,483.0,485.27,16944,8.2224993e+11,1167,8567,0.5056
2016-06-03,AVANTIFEED,EQ,483.0,487.8,487.8,480.0,482.0,480.85,483.18,14950,7.2235694e+11,601,8810,0.5893
2016-06-06,AVANTIFEED,EQ,480.85,486.75,489.0,477.0,477.0,479.1,484.43,16871,8.1728367e+11,672,12936,0.7668
2016-06-07,AVANTIFEED,EQ,479.1,479.05,486.35,475.0,478.0,478.0,479.76,8312,3.98780505e+11,413,5358,0.6446
2016-06-08,AVANTIFEED,EQ,478.0,481.05,484.0,477.0,481.9,481.2,480.8,10021,4.8181187e+11,437,6316,0.6303
2016-06-09,AVANTIFEED,EQ,481.2,481.0,481.0,476.5,481.0,477.85,478.21,6709,3.2083434e+11,406,4222,0.6293
2016-06-10,AVANTIFEED,EQ,477.85,477.0,483.8,470.0,472.5,471.85,473.89,10598,5.02232955e+11,681,6383,0.6023
2016-06-13,AVANTIFEED,EQ,471.85,469.95,475.5,460.1,462.0,461.2,464.27,14803,6.8725883e+11,754,9877,0.6672
2016-06-14,AVANTIFEED,EQ,461.2,465.0,465.0,452.0,458.0,458.1,457.59,28303,1.295128455e+12,1167,18577,0.6564
2016-06-15,AVANTIFEED,EQ,458.1,459.35,465.0,453.65,455.0,456.1,458.95,18629,8.54982665e+11,872,8931,0.4794
2016-06-16,AVANTIFEED,EQ,456.1,460.65,460.65,446.0,456.0,456.15,453.73,20554,9.3258835e+11,848,12727,0.6192
2016-06-17,AVANTIFEED,EQ,456.15,457.0,472.0,456.0,462.1,463.2,464.63,21894,1.017253485e+12,1064,12653,0.5779
2016-06-20,AVANTIFEED,EQ,463.2,463.0,471.6,457.0,470.0,469.35,466.2,13397,6.2457277e+11,715,8129,0.6068
2016-06-21,AVANTIFEED,EQ,469.35,468.95,473.7,457.1,459.0,459.6,463.26,8044,3.7264451e+11,461,6025,0.749
2016-06-22,AVANTIFEED,EQ,459.6,460.0,468.0,454.0,459.0,457.8,457.91,18454,8.4502257e+11,914,11482,0.6222
2016-06-23,AVANTIFEED,EQ,457.8,459.9,459.95,453.25,455.0,455.15,455.92,8617,3.92867635e+11,384,5706,0.6622
2016-06-24,AVANTIFEED,EQ,455.15,450.0,462.0,444.0,462.0,457.35,449.84,52896,2.379467605e+12,2742,35489,0.6709
2016-06-27,AVANTIFEED,EQ,457.35,464.5,464.5,442.85,460.0,460.0,456.61,26014,1.18782847e+12,1232,19527,0.7506
2016-06-28,AVANTIFEED,EQ,460.0,466.0,476.1,459.0,475.0,474.2,471.52,20686,9.75396e+11,1193,14645,0.708
2016-06-29,AVANTIFEED,EQ,474.2,480.0,550.0,480.0,530.75,532.2,525.88,366854,1.929201313e+13,12645,125350,0.3417
2016-06-30,AVANTIFEED,EQ,532.2,535.9,550.0,523.6,531.85,526.9,537.74,111735,6.008421495e+12,4799,42864,0.3836
2016-07-01,AVANTIFEED,EQ,526.9,529.8,540.8,515.0,516.0,518.25,528.09,57819,3.053370705e+12,2504,28621,0.495
2016-07-04,AVANTIFEED,EQ,518.25,521.95,556.9,516.05,540.5,542.25,542.5,137853,7.478483975e+12,6303,68464,0.4966
2016-07-05,AVANTIFEED,EQ,542.25,544.6,544.6,530.6,534.25,534.45,536.94,30178,1.62038396e+12,2794,16500,0.5468
2016-07-07,AVANTIFEED,EQ,534.45,534.45,544.9,528.0,528.05,529.15,535.08,22918,1.22629339e+12,1442,12818,0.5593
2016-07-08,AVANTIFEED,EQ,529.15,529.8,533.8,520.0,520.0,521.6,524.91,19637,1.0307592e+12,1137,12357,0.6293
2016-07-11,AVANTIFEED,EQ,521.6,533.0,539.8,520.0,521.0,523.8,530.33,18467,9.79367125e+11,1083,12559,0.6801
2016-07-12,AVANTIFEED,EQ,523.8,534.95,535.0,525.0,525.0,525.2,527.66,14325,7.55871925e+11,761,8958,0.6253
2016-07-13,AVANTIFEED,EQ,525.2,533.7,548.5,525.65,540.95,538.5,539.07,47756,2.57437179e+12,2481,20929,0.4382
2016-07-14,AVANTIFEED,EQ,538.5,544.65,564.7,538.5,555.0,555.7,555.72,85632,4.758705375e+12,3562,44239,0.5166
2016-07-15,AVANTIFEED,EQ,555.7,556.0,571.05,556.0,566.0,565.1,563.26,41550,2.34036006e+12,1814,18552,0.4465
2016-07-18,AVANTIFEED,EQ,565.1,566.0,577.0,556.5,570.0,570.3,572.73,37175,2.12913251e+12,1596,21392,0.5754
2016-07-19,AVANTIFEED,EQ,570.3,570.0,572.0,560.0,567.4,565.85,564.86,20452,1.155256655e+12,776,16448,0.8042
2016-07-20,AVANTIFEED,EQ,565.85,566.0,574.0,565.05,568.6,568.65,569.94,19567,1.115199755e+12,882,12438,0.6357
2016-07-21,AVANTIFEED,EQ,568.65,574.75,602.0,570.5,598.0,599.4,591.3,89132,5.27034641e+12,3200,42611,0.4781
2016-07-22,AVANTIFEED,EQ,599.4,600.1,624.0,590.0,620.0,616.05,609.9,72680,4.43273782e+12,3469,40616,0.5588
2016-07-25,AVANTIFEED,EQ,616.05,620.05,631.7,601.0,619.0,620.8,624.3,54520,3.40367264e+12,2510,32152,0.5897
2016-07-26,AVANTIFEED,EQ,620.8,621.55,628.8,605.15,611.0,610.15,612.57,45869,2.80978122e+12,2279,31854,0.6945
2016-07-27,AVANTIFEED,EQ,610.15,613.4,621.0,601.2,604.5,607.2,610.99,15991,9.7703973e+11,1174,9466,0.592
2016-07-28,AVANTIFEED,EQ,607.2,617.0,617.0,595.05,610.0,610.45,605.31,29250,1.77052824e+12,2324,18003,0.6155
2016-07-29,AVANTIFEED,EQ,610.45,611.0,615.0,605.0,605.25,607.3,607.96,21815,1.326265365e+12,1395,14325,0.6567
2016-08-01,AVANTIFEED,EQ,607.3,611.0,624.0,605.1,609.0,609.2,613.41,24182,1.483351915e+12,1297,15061,0.6228
2016-08-02,AVANTIFEED,EQ,609.2,615.7,616.9,591.0,591.0,592.1,599.8,18466,1.1075899e+12,976,13649,0.7391
2016-08-03,AVANTIFEED,EQ,592.1,593.0,598.3,570.05,578.0,578.25,580.19,39958,2.31832049e+12,1846,25567,0.6398
2016-08-04,AVANTIFEED,EQ,578.25,578.85,590.0,565.0,579.0,580.95,577.66,26648,1.53936071e+12,1530,14060,0.5276
2016-08-05,AVANTIFEED,EQ,580.95,585.0,598.4,581.0,581.0,585.7,590.73,19149,1.13119784e+12,1070,10609,0.554
2016-08-08,AVANTIFEED,EQ,585.7,585.95,623.0,585.95,616.1,616.3,611.54,98397,6.01739006e+12,3624,34790,0.3536
2016-08-09,AVANTIFEED,EQ,616.3,618.3,628.7,611.1,613.6,614.1,619.21,32279,1.99873559e+12,1775,15697,0.4863
2016-08-10,AVANTIFEED,EQ,614.1,614.0,615.25,589.95,596.7,595.55,601.01,24384,1.465500645e+12,1158,14456,0.5928
2016-08-11,AVANTIFEED,EQ,595.55,599.95,599.95,586.0,592.5,592.4,591.65,17339,1.02586248e+12,1162,7630,0.44
2016-08-12,AVANTIFEED,EQ,592.4,597.75,606.05,585.0,596.0,598.65,601.0,31445,1.88983141e+12,1858,14538,0.4623
2016-08-16,AVANTIFEED,EQ,598.65,609.95,609.95,553.0,581.0,578.2,581.3,41368,2.40471983e+12,2191,25717,0.6217
2016-08-17,AVANTIFEED,EQ,578.2,581.0,584.35,561.0,564.2,564.55,567.81,21322,1.2106894e+12,1636,12953,0.6075
2016-08-18,AVANTIFEED,EQ,564.55,569.95,578.0,560.0,564.0,565.95,565.88,31031,1.75598874e+12,1520,17384,0.5602
2016-08-19,AVANTIFEED,EQ,565.95,571.0,588.0,566.5,585.0,585.1,579.23,47551,2.754282465e+12,1719,25249,0.531
2016-08-22,AVANTIFEED,EQ,585.1,589.9,589.9,572.55,574.5,576.3,581.45,19127,1.112138785e+12,1161,12002,0.6275
2016-08-23,AVANTIFEED,EQ,576.3,578.15,579.05,564.6,568.0,566.25,570.17,18508,1.055271335e+12,838,12045,0.6508
2016-08-24,AVANTIFEED,EQ,566.25,574.8,574.8,560.5,562.5,564.05,566.4,13824,7.8299442e+11,676,10188,0.737
2016-08-25,AVANTIFEED,EQ,564.05,567.8,573.0,552.65,555.1,555.65,561.06,12663,7.1047093e+11,799,9021,0.7124
2016-08-26,AVANTIFEED,EQ,555.65,560.05,560.05,530.1,535.0,535.75,538.78,42188,2.27302155e+12,2203,28965,0.6866
2016-08-29,AVANTIFEED,EQ,535.75,535.0,546.4,522.0,537.0,540.4,538.62,19277,1.03829745e+12,1083,14019,0.7272
2016-08-30,AVANTIFEED,EQ,540.4,541.05,551.0,541.0,549.1,549.55,548.18,16799,9.2088525e+11,973,9506,0.5659
2016-08-31,AVANTIFEED,EQ,549.55,550.05,559.0,540.4,546.4,549.15,548.51,15145,8.30713985e+11,1096,8678,0.573
2016-09-01,AVANTIFEED,EQ,549.15,555.0,555.0,540.4,545.2,543.35,545.0,11822,6.44294425e+11,703,6825,0.5773
2016-09-02,AVANTIFEED,EQ,543.35,543.05,546.9,535.0,536.0,537.2,539.68,13198,7.1226557e+11,755,8577,0.6499
2016-09-06,AVANTIFEED,EQ,537.2,546.9,547.85,537.2,540.0,540.95,541.94,11606,6.28975575e+11,890,7287,0.6279
2016-09-07,AVANTIFEED,EQ,540.95,546.8,553.0,535.0,553.0,550.45,545.71,16387,8.94252335e+11,1270,12352,0.7538
2016-09-08,AVANTIFEED,EQ,550.45,553.05,573.5,553.05,559.0,560.2,561.15,14952,8.390347e+11,1350,8982,0.6007
2016-09-09,AVANTIFEED,EQ,560.2,562.0,584.6,562.0,573.1,574.95,576.97,41805,2.412004025e+12,3752,24614,0.5888
2016-09-12,AVANTIFEED,EQ,574.95,565.0,572.35,551.8,553.85,553.55,556.93,27950,1.55661936e+12,2201,20029,0.7166
2016-09-14,AVANTIFEED,EQ,553.55,563.75,575.9,556.0,559.75,562.05,563.8,15841,8.93110825e+11,1550,8804,0.5558
2016-09-15,AVANTIFEED,EQ,562.05,562.05,572.8,550.0,555.0,553.5,555.41,19396,1.07728149e+12,1419,13507,0.6964
2016-09-16,AVANTIFEED,EQ,553.5,559.4,562.85,535.15,539.65,543.35,548.8,19603,1.075808435e+12,1817,14683,0.749
2016-09-19,AVANTIFEED,EQ,543.35,545.15,558.0,544.0,550.75,548.25,547.61,13311,7.28929205e+11,1500,8437,0.6338
2016-09-20,AVANTIFEED,EQ,548.25,548.0,553.8,535.2,538.0,539.15,541.99,15400,8.3465824e+11,1230,10661,0.6923
2016-09-21,AVANTIFEED,EQ,539.15,540.05,549.5,535.0,535.3,536.85,541.74,11657,6.3150847e+11,1327,7005,0.6009
2016-09-22,AVANTIFEED,EQ,536.85,538.0,551.55,538.0,547.8,544.05,547.33,15354,8.40376125e+11,1191,9202,0.5993
2016-09-23,AVANTIFEED,EQ,544.05,548.05,554.4,544.0,552.95,551.3,548.3,32859,1.801651555e+12,977,28609,0.8707
2016-09-26,AVANTIFEED,EQ,551.3,551.0,555.35,540.7,550.0,549.75,551.07,34925,1.924595395e+12,815,32108,0.9193
2016-09-27,AVANTIFEED,EQ,549.75,555.8,555.8,545.65,546.25,548.3,551.08,12042,6.63607825e+11,942,8200,0.681
2016-09-28,AVANTIFEED,EQ,548.3,551.5,551.55,540.15,549.4,548.8,548.69,10358,5.68328245e+11,879,7531,0.7271
2016-09-29,AVANTIFEED,EQ,548.8,552.35,555.0,477.55,524.0,521.15,527.06,40763,2.14846469e+12,2603,28334,0.6951
2016-09-30,AVANTIFEED,EQ,521.15,529.9,535.2,520.0,524.8,524.35,524.95,23010,1.20790827e+12,1079,16914,0.7351
2016-10-03,AVANTIFEED,EQ,524.35,526.0,547.0,526.0,533.05,533.9,533.08,14604,7.785067e+11,1022,9454,0.6474
2016-10-04,AVANTIFEED,EQ,533.9,530.05,538.5,525.25,531.0,530.55,530.49,15804,8.38390775e+11,750,10660,0.6745
2016-10-05,AVANTIFEED,EQ,530.55,532.55,540.0,526.45,539.6,538.5,534.84,14127,7.55568385e+11,777,10736,0.76
2016-10-06,AVANTIFEED,EQ,538.5,541.6,554.1,541.0,546.9,546.15,548.86,21243,1.165937425e+12,1257,12833,0.6041
2016-10-07,AVANTIFEED,EQ,546.15,546.0,567.5,544.0,560.0,561.1,554.93,20949,1.162526865e+12,1120,14143,0.6751
2016-10-10,AVANTIFEED,EQ,561.1,561.1,566.0,545.6,550.45,551.5,555.59,14168,7.8716465e+11,1051,8477,0.5983
2016-10-13,AVANTIFEED,EQ,551.5,555.5,555.5,538.25,540.0,539.95,545.32,21200,1.156068415e+12,1566,15919,0.7509
2016-10-14,AVANTIFEED,EQ,539.95,544.8,549.9,536.0,549.0,546.9,544.73,10286,5.60306825e+11,1028,7437,0.723
2016-10-17,AVANTIFEED,EQ,546.9,547.0,555.0,547.0,553.5,553.8,551.42,11037,6.0860449e+11,1010,7300,0.6614
2016-10-18,AVANTIFEED,EQ,553.8,553.8,624.9,552.0,578.8,575.05,592.26,88763,5.25708674e+12,5123,38764,0.4367
2016-10-19,AVANTIFEED,EQ,575.05,577.6,608.0,577.0,600.0,601.35,597.53,66259,3.959156105e+12,3135,32008,0.4831
2016-10-20,AVANTIFEED,EQ,601.35,605.0,628.0,602.5,607.0,608.2,619.27,123004,7.617251845e+12,4276,63320,0.5148
2016-10-21,AVANTIFEED,EQ,608.2,610.95,620.0,601.0,605.0,603.3,608.78,25361,1.543923555e+12,1194,14034,0.5534
2016-10-24,AVANTIFEED,EQ,603.3,607.95,624.85,598.1,609.0,609.0,613.05,31912,1.956356485e+12,1492,18587,0.5824
2016-10-25,AVANTIFEED,EQ,609.0,608.95,614.0,602.95,610.0,606.35,606.77,14475,8.7829476e+11,814,9782,0.6758
2016-10-26,AVANTIFEED,EQ,606.35,611.05,619.8,603.0,614.8,609.0,610.11,25846,1.576886445e+12,1284,16360,0.633
2016-10-27,AVANTIFEED,EQ,609.0,609.0,619.95,605.0,612.0,610.9,612.64,29712,1.820274085e+12,1324,22598,0.7606
2016-10-28,AVANTIFEED,EQ,610.9,615.0,619.8,570.0,589.0,593.0,597.44,62080,3.708894055e+12,3737,26962,0.4343
2016-10-30,AVANTIFEED,EQ,593.0,545.0,556.7,515.2,533.0,533.15,532.12,180942,9.62822718e+12,5343,93238,0.5153
2016-11-01,AVANTIFEED,EQ,533.15,530.0,549.7,526.9,540.0,540.5,542.36,113061,6.131938425e+12,8861,73825,0.653
2016-11-02,AVANTIFEED,EQ,540.5,545.8,545.8,525.05,528.0,527.95,531.12,24656,1.309521255e+12,1685,15968,0.6476
2016-11-03,AVANTIFEED,EQ,527.95,524.65,533.9,503.85,511.65,514.75,522.51,44778,2.339701175e+12,1864,34054,0.7605
2016-11-04,AVANTIFEED,EQ,514.75,515.0,526.5,505.1,520.0,519.25,516.98,50628,2.61738969e+12,3525,33513,0.6619
2016-11-07,AVANTIFEED,EQ,519.25,510.55,525.0,502.05,510.2,509.95,510.31,23562,1.20238515e+12,1416,14431,0.6125
2016-11-08,AVANTIFEED,EQ,509.95,515.3,524.95,505.15,510.0,510.65,511.15,16442,8.40428075e+11,1011,11887,0.723
2016-11-09,AVANTIFEED,EQ,510.65,490.0,510.0,415.0,510.0,507.95,492.0,59783,2.94133278e+12,2797,39825,0.6662
2016-11-10,AVANTIFEED,EQ,507.95,524.95,524.95,510.0,514.0,512.0,516.32,10310,5.32328515e+11,767,6003,0.5823
2016-11-11,AVANTIFEED,EQ,512.0,513.0,515.0,498.8,501.0,500.1,504.17,19767,9.96584065e+11,1341,15184,0.7681
2016-11-15,AVANTIFEED,EQ,500.1,500.0,503.9,475.0,492.7,492.15,485.21,47699,2.31442556e+12,2333,33752,0.7076
2016-11-16,AVANTIFEED,EQ,492.15,492.0,510.0,485.05,487.0,490.85,496.14,24284,1.2048367e+12,1295,16681,0.6869
2016-11-17,AVANTIFEED,EQ,490.85,505.0,522.0,492.0,502.0,500.35,502.2,33585,1.686634055e+12,1876,21110,0.6286
2016-11-18,AVANTIFEED,EQ,500.35,509.9,510.0,486.75,501.0,500.15,497.23,22998,1.143521905e+12,1028,18944,0.8237
2016-11-21,AVANTIFEED,EQ,500.15,495.05,502.15,484.0,488.85,488.55,489.71,40050,1.961278485e+12,1905,31785,0.7936
2016-11-22,AVANTIFEED,EQ,488.55,497.95,508.05,453.05,504.95,495.25,481.54,57612,2.774256295e+12,2757,39388,0.6837
2016-11-23,AVANTIFEED,EQ,495.25,500.05,504.5,486.55,500.45,501.15,500.63,14025,7.0213851e+11,833,8827,0.6294
2016-11-24,AVANTIFEED,EQ,501.15,500.9,509.1,497.0,500.0,500.1,502.01,10039,5.03963155e+11,815,7114,0.7086
2016-11-25,AVANTIFEED,EQ,500.1,505.0,536.0,502.05,514.0,516.15,523.74,22714,1.189627925e+12,1488,9479,0.4173
2016-11-28,AVANTIFEED,EQ,516.15,511.0,521.5,510.0,512.5,513.75,513.86,5773,2.9665098e+11,539,3565,0.6175
2016-11-29,AVANTIFEED,EQ,513.75,516.0,519.9,500.05,503.7,503.1,509.1,8889,4.5254342e+11,549,5901,0.6639
2016-11-30,AVANTIFEED,EQ,503.1,509.85,515.0,506.0,515.0,512.1,508.69,10678,5.43177235e+11,645,8093,0.7579
2016-12-01,AVANTIFEED,EQ,512.1,510.0,515.0,498.0,502.0,500.55,503.47,12779,6.4338328e+11,849,9451,0.7396
2016-12-02,AVANTIFEED,EQ,500.55,501.4,508.0,476.0,489.6,491.4,493.69,22014,1.08679969e+12,932,14857,0.6749
2016-12-05,AVANTIFEED,EQ,491.4,495.8,495.85,483.05,486.9,486.5,489.91,10437,5.1131492e+11,706,8190,0.7847
2016-12-06,AVANTIFEED,EQ,486.5,498.9,498.95,478.6,482.95,481.5,486.59,10190,4.9583132e+11,743,6599,0.6476
2016-12-07,AVANTIFEED,EQ,481.5,495.95,497.7,474.6,481.95,482.75,480.29,23693,1.137946245e+12,1326,17598,0.7428
2016-12-08,AVANTIFEED,EQ,482.75,489.0,494.8,480.0,485.0,484.0,485.83,8916,4.33163155e+11,604,6046,0.6781
2016-12-09,AVANTIFEED,EQ,484.0,490.0,491.75,477.0,483.0,486.0,484.3,5631,2.7270724e+11,503,3324,0.5903
2016-12-12,AVANTIFEED,EQ,486.0,494.45,504.65,483.0,490.0,490.2,494.59,9684,4.78960595e+11,671,6730,0.695
2016-12-13,AVANTIFEED,EQ,490.2,491.85,491.95,480.0,485.6,488.55,485.57,7964,3.8670771e+11,646,4396,0.552
2016-12-14,AVANTIFEED,EQ,488.55,499.9,499.9,480.2,481.6,483.0,484.92,7247,3.5141909e+11,507,5077,0.7006
2016-12-15,AVANTIFEED,EQ,483.0,492.6,496.9,483.55,495.0,492.9,489.93,10905,5.34273135e+11,724,8195,0.7515
2016-12-16,AVANTIFEED,EQ,492.9,498.0,500.0,487.55,495.0,497.35,495.1,8074,3.99740745e+11,573,5348,0.6624
2016-12-19,AVANTIFEED,EQ,497.35,495.0,498.9,485.0,486.0,487.85,488.26,7981,3.8967918e+11,472,5909,0.7404
2016-12-20,AVANTIFEED,EQ,487.85,488.0,494.95,483.3,485.0,484.8,485.55,11915,5.78527015e+11,592,9706,0.8146
2016-12-21,AVANTIFEED,EQ,484.8,489.8,489.95,482.0,484.0,484.55,484.42,8374,4.05656125e+11,602,5814,0.6943
2016-12-22,AVANTIFEED,EQ,484.55,481.0,491.4,476.65,488.0,486.35,482.28,10056,4.8498321e+11,634,6525,0.6489
2016-12-23,AVANTIFEED,EQ,486.35,485.0,493.9,479.75,486.0,485.35,484.53,8967,4.3447493e+11,783,6285,0.7009
2016-12-26,AVANTIFEED,EQ,485.35,494.5,494.5,477.5,480.0,478.85,480.21,6008,2.88507335e+11,626,3854,0.6415
2016-12-27,AVANTIFEED,EQ,478.85,480.05,487.5,477.0,481.9,482.85,481.18,6307,3.0347708e+11,592,4348,0.6894
2016-12-28,AVANTIFEED,EQ,482.85,493.45,493.5,482.2,483.6,486.55,488.55,5197,2.53900045e+11,507,3544,0.6819
2016-12-29,AVANTIFEED,EQ,486.55,489.9,495.0,482.2,490.0,489.95,489.33,15700,7.6824904e+11,960,11517,0.7336
2016-12-30,AVANTIFEED,EQ,489.95,490.0,495.0,485.35,490.0,490.05,490.41,4608,2.2598316e+11,377,3547,0.7697
2017-01-02,AVANTIFEED,EQ,490.05,492.0,494.9,484.0,491.05,490.0,489.58,11059,5.4143016e+11,822,7848,0.7096
2017-01-03,AVANTIFEED,EQ,490.0,487.05,495.0,487.05,490.0,490.55,491.27,9238,4.5383866e+11,454,7051,0.7633
2017-01-04,AVANTIFEED,EQ,490.55,492.05,495.9,488.5,490.0,490.65,490.93,6741,3.30935095e+11,332,5415,0.8033
2017-01-05,AVANTIFEED,EQ,490.65,496.95,511.85,493.5,510.0,509.5,502.88,18029,9.06638095e+11,1031,11867,0.6582
2017-01-06,AVANTIFEED,EQ,509.5,513.0,532.2,513.0,530.0,528.85,525.98,24247,1.27534056e+12,1399,14129,0.5827
2017-01-09,AVANTIFEED,EQ,528.85,535.0,540.0,532.0,540.0,539.4,536.99,18345,9.85107865e+11,1058,11094,0.6047
2017-01-10,AVANTIFEED,EQ,539.4,535.0,562.5,535.0,559.95,556.7,551.7,28449,1.569539445e+12,1689,21533,0.7569
2017-01-11,AVANTIFEED,EQ,556.7,563.95,566.7,543.0,553.8,552.65,557.06,24620,1.37149124e+12,1507,13462,0.5468
2017-01-12,AVANTIFEED,EQ,552.65,555.05,560.0,528.15,531.95,530.8,540.01,16220,8.75903765e+11,920,12289,0.7576
2017-01-13,AVANTIFEED,EQ,530.8,530.8,557.0,530.05,546.5,545.85,542.19,25602,1.38811805e+12,1290,15268,0.5964
2017-01-16,AVANTIFEED,EQ,545.85,554.0,604.8,554.0,583.1,585.85,587.18,180198,1.058083118e+13,8183,71629,0.3975
2017-01-17,AVANTIFEED,EQ,585.85,588.95,591.7,571.3,579.0,578.05,584.23,32190,1.880628465e+12,1685,17092,0.531
2017-01-18,AVANTIFEED,EQ,578.05,584.9,589.0,570.0,575.0,573.35,576.97,25110,1.44876902e+12,1138,13646,0.5434
2017-01-19,AVANTIFEED,EQ,573.35,575.0,579.85,570.0,570.05,571.5,574.55,11926,6.85205465e+11,638,7636,0.6403
2017-01-20,AVANTIFEED,EQ,571.5,572.95,582.9,566.0,573.6,570.85,573.86,13974,8.0190833e+11,950,7454,0.5334
2017-01-23,AVANTIFEED,EQ,570.85,584.75,584.8,571.0,572.6,574.1,578.89,10669,6.17615345e+11,739,6499,0.6091
2017-01-24,AVANTIFEED,EQ,574.1,574.1,578.9,574.1,576.05,576.6,575.94,13665,7.87015705e+11,429,10386,0.76
2017-01-25,AVANTIFEED,EQ,576.6,580.0,600.0,562.25,590.95,595.25,589.1,41474,2.44323751e+12,1926,27338,0.6592
2017-01-27,AVANTIFEED,EQ,595.25,599.85,602.35,585.25,591.0,591.95,597.99,51977,3.108148215e+12,2181,37529,0.722
2017-01-30,AVANTIFEED,EQ,591.95,594.9,598.8,577.6,580.1,580.1,585.43,38923,2.278664445e+12,2419,20438,0.5251
2017-01-31,AVANTIFEED,EQ,580.1,582.95,582.95,541.4,562.0,561.1,561.03,38456,2.157480365e+12,2433,25063,0.6517
2017-02-01,AVANTIFEED,EQ,561.1,572.5,572.5,555.0,565.05,565.7,566.05,13752,7.7842527e+11,897,9181,0.6676
2017-02-02,AVANTIFEED,EQ,565.7,569.95,579.0,565.0,569.0,568.5,570.87,7208,4.1148505e+11,646,4024,0.5583
2017-02-03,AVANTIFEED,EQ,568.5,575.55,583.0,570.0,580.0,579.85,576.98,16630,9.59522895e+11,1018,11009,0.662
2017-02-06,AVANTIFEED,EQ,579.85,581.95,585.0,568.15,573.0,571.65,572.76,18238,1.04460564e+12,1162,12435,0.6818
2017-02-07,AVANTIFEED,EQ,571.65,573.15,579.4,556.6,563.55,564.8,572.65,24611,1.409358815e+12,930,16504,0.6706
2017-02-08,AVANTIFEED,EQ,564.8,571.5,574.8,561.35,564.0,564.35,569.35,10563,6.0140688e+11,542,7349,0.6957
2017-02-09,AVANTIFEED,EQ,564.35,569.0,575.0,555.0,571.3,573.35,571.06,15890,9.0740682e+11,1040,9857,0.6203
2017-02-10,AVANTIFEED,EQ,573.35,577.95,579.95,565.0,568.35,568.0,574.31,12845,7.3770051e+11,729,8526,0.6638
2017-02-13,AVANTIFEED,EQ,568.0,563.75,577.8,560.2,576.0,574.0,570.2,15499,8.83752865e+11,1323,9296,0.5998
2017-02-14,AVANTIFEED,EQ,574.0,569.15,578.65,565.5,578.0,575.65,573.52,19673,1.12829464e+12,712,15615,0.7937
2017-02-15,AVANTIFEED,EQ,575.65,579.95,608.0,570.1,581.0,582.25,592.34,76992,4.56056914e+12,4118,32366,0.4204
2017-02-16,AVANTIFEED,EQ,582.25,587.7,600.0,585.7,595.05,599.05,596.06,40439,2.41039072e+12,4081,26679,0.6597
2017-02-17,AVANTIFEED,EQ,599.05,600.0,600.0,590.1,592.0,592.05,596.09,11897,7.0916568e+11,662,7848,0.6597
2017-02-20,AVANTIFEED,EQ,592.05,592.0,599.0,590.0,599.0,597.05,596.91,16333,9.74933395e+11,646,12550,0.7684
2017-02-21,AVANTIFEED,EQ,597.05,599.95,605.0,592.0,595.0,593.55,598.37,16179,9.68100885e+11,729,10214,0.6313
2017-02-22,AVANTIFEED,EQ,593.55,595.05,649.95,592.0,646.0,646.4,631.8,282041,1.781934268e+13,12995,137654,0.4881
2017-02-23,AVANTIFEED,EQ,646.4,650.25,689.95,641.5,675.95,676.8,675.29,279398,1.886737274e+13,10844,129120,0.4621
2017-02-27,AVANTIFEED,EQ,676.8,675.0,710.0,668.2,692.15,691.05,692.77,127483,8.831599505e+12,9110,46927,0.3681
2017-02-28,AVANTIFEED,EQ,691.05,695.95,703.0,675.0,675.35,675.45,690.75,64828,4.477978225e+12,3287,30411,0.4691
2017-03-01,AVANTIFEED,EQ,675.45,679.7,691.0,658.0,689.0,676.7,673.84,35985,2.42482765e+12,1732,16551,0.4599
2017-03-02,AVANTIFEED,EQ,676.7,685.5,685.5,665.35,675.5,676.05,675.63,29345,1.982642745e+12,1572,22487,0.7663
2017-03-03,AVANTIFEED,EQ,676.05,677.2,699.0,663.0,675.05,675.95,685.35,79238,5.4305616e+12,2882,47529,0.5998
2017-03-06,AVANTIFEED,EQ,675.95,681.8,710.0,675.2,703.4,704.05,697.85,39559,2.760623685e+12,2030,25463,0.6437
2017-03-07,AVANTIFEED,EQ,704.05,710.0,714.5,690.0,700.0,700.1,699.97,29720,2.08030282e+12,1846,15635,0.5261
2017-03-08,AVANTIFEED,EQ,700.1,705.5,743.75,695.35,736.0,733.85,727.68,218566,1.590465294e+13,8531,111529,0.5103
2017-03-09,AVANTIFEED,EQ,733.85,733.8,746.95,691.5,699.0,709.5,728.87,71588,5.21782199e+12,3647,32695,0.4567
2017-03-10,AVANTIFEED,EQ,709.5,706.95,725.0,700.3,707.8,707.15,710.76,35659,2.53450543e+12,2608,13571,0.3806
2017-03-14,AVANTIFEED,EQ,707.15,713.0,734.0,713.0,725.85,722.05,719.32,32680,2.350744085e+12,1702,21063,0.6445
2017-03-15,AVANTIFEED,EQ,722.05,731.0,732.7,708.95,718.0,714.7,718.96,16498,1.18613452e+12,1430,7218,0.4375
2017-03-16,AVANTIFEED,EQ,714.7,719.35,736.9,714.95,733.45,732.15,730.34,39439,2.8804063e+12,2121,20462,0.5188
2017-03-17,AVANTIFEED,EQ,732.15,735.0,751.9,728.0,730.0,730.2,739.16,107785,7.96707099e+12,3958,49539,0.4596
2017-03-20,AVANTIFEED,EQ,730.2,731.3,737.35,727.0,729.15,728.8,730.34,20102,1.46813211e+12,2986,14348,0.7138
2017-03-21,AVANTIFEED,EQ,728.8,732.5,732.5,700.5,703.0,703.75,709.09,43376,3.075730855e+12,1886,24797,0.5717
2017-03-22,AVANTIFEED,EQ,703.75,703.0,716.95,691.8,705.0,706.0,706.65,24463,1.728689055e+12,1418,14994,0.6129
2017-03-23,AVANTIFEED,EQ,706.0,707.0,725.0,705.0,708.2,710.55,715.1,20649,1.476606195e+12,1270,11400,0.5521
2017-03-24,AVANTIFEED,EQ,710.55,714.9,724.0,703.0,706.0,705.15,712.25,25844,1.84072943e+12,1494,12958,0.5014
2017-03-27,AVANTIFEED,EQ,705.15,707.05,717.0,698.8,701.6,700.85,703.57,23251,1.635869175e+12,1018,17694,0.761
2017-03-28,AVANTIFEED,EQ,700.85,710.9,725.0,709.95,715.0,714.85,716.68,47424,3.39875989e+12,3422,21663,0.4568
2017-03-29,AVANTIFEED,EQ,714.85,718.7,724.0,709.5,720.0,719.25,718.0,35923,2.57926347e+12,4619,20814,0.5794
2017-03-30,AVANTIFEED,EQ,719.25,721.6,723.35,710.55,715.35,718.1,716.57,12659,9.0710671e+11,660,7686,0.6072
2017-03-31,AVANTIFEED,EQ,718.1,716.05,740.5,712.95,740.0,737.5,732.16,69365,5.0786453e+12,2350,43186,0.6226
2017-04-03,AVANTIFEED,EQ,737.5,745.9,789.0,742.3,775.0,777.4,768.81,107438,8.259910605e+12,3889,65272,0.6075
2017-04-05,AVANTIFEED,EQ,777.4,784.9,848.0,780.0,819.15,819.65,823.6,175349,1.4441658315e+13,8892,77997,0.4448
2017-04-06,AVANTIFEED,EQ,819.65,820.95,837.0,814.55,822.05,822.15,826.35,75948,6.27597766e+12,3467,37746,0.497
2017-04-07,AVANTIFEED,EQ,822.15,822.05,838.7,805.0,811.0,811.4,819.82,56182,4.605918675e+12,2698,32848,0.5847
2017-04-10,AVANTIFEED,EQ,811.4,815.0,825.0,815.0,818.35,821.15,821.7,20395,1.675855005e+12,1302,11048,0.5417
2017-04-11,AVANTIFEED,EQ,821.15,825.9,850.0,815.0,840.0,839.4,840.77,75463,6.344670705e+12,3034,33915,0.4494
2017-04-12,AVANTIFEED,EQ,839.4,844.85,877.0,841.0,861.0,860.6,864.94,95547,8.264212575e+12,4437,31311,0.3277
2017-04-13,AVANTIFEED,EQ,860.6,867.5,879.0,861.0,874.0,871.95,871.37,39961,3.482073355e+12,2395,18989,0.4752
2017-04-17,AVANTIFEED,EQ,871.95,874.0,879.85,862.05,869.0,869.3,872.9,30660,2.67630705e+12,1509,21272,0.6938
2017-04-18,AVANTIFEED,EQ,869.3,867.0,877.8,864.05,868.05,866.7,869.03,30855,2.681390425e+12,1346,21955,0.7116
2017-04-19,AVANTIFEED,EQ,866.7,869.0,871.9,860.0,867.0,868.5,865.33,17573,1.520638955e+12,1067,9886,0.5626
2017-04-20,AVANTIFEED,EQ,868.5,875.0,901.0,862.45,897.0,898.15,891.35,75392,6.72005357e+12,2868,42553,0.5644
2017-04-21,AVANTIFEED,EQ,898.15,909.0,910.25,888.0,888.0,890.35,898.99,29560,2.657418355e+12,1923,17343,0.5867
2017-04-24,AVANTIFEED,EQ,890.35,892.0,900.0,879.0,886.2,883.6,888.3,21152,1.878926715e+12,1526,14238,0.6731
2017-04-25,AVANTIFEED,EQ,883.6,900.0,900.0,866.0,867.75,871.1,881.05,15805,1.39249647e+12,1299,9583,0.6063
2017-04-26,AVANTIFEED,EQ,871.1,874.75,876.95,851.0,852.0,855.35,859.07,40845,3.508851705e+12,2363,30734,0.7525
2017-04-27,AVANTIFEED,EQ,855.35,859.8,875.0,842.0,870.0,868.9,857.62,36401,3.121833085e+12,2855,23950,0.6579
2017-04-28,AVANTIFEED,EQ,868.9,876.0,879.6,852.05,873.0,874.1,871.42,37821,3.29579798e+12,1672,24552,0.6492
2017-05-02,AVANTIFEED,EQ,874.1,864.0,884.6,864.0,872.05,873.9,875.55,16661,1.45874679e+12,937,7777,0.4668
2017-05-03,AVANTIFEED,EQ,873.9,879.55,884.95,870.05,870.05,873.2,877.84,13454,1.18105216e+12,1247,9403,0.6989
2017-05-04,AVANTIFEED,EQ,873.2,881.65,885.6,876.0,882.0,882.95,882.9,40380,3.56516821e+12,1411,33143,0.8208
2017-05-05,AVANTIFEED,EQ,882.95,894.95,898.95,877.95,884.0,884.15,882.72,22947,2.025569365e+12,1149,15155,0.6604
2017-05-08,AVANTIFEED,EQ,884.15,894.85,908.0,884.0,902.6,902.4,898.39,33606,3.01912388e+12,2038,20768,0.618
2017-05-09,AVANTIFEED,EQ,902.4,905.0,910.0,895.0,900.85,898.9,900.97,37739,3.400171345e+12,2056,32231,0.8541
2017-05-10,AVANTIFEED,EQ,898.9,907.8,907.8,891.0,891.0,897.1,900.71,13118,1.181557755e+12,1597,8299,0.6326
2017-05-11,AVANTIFEED,EQ,897.1,900.0,909.0,889.9,892.05,894.9,901.01,13558,1.22159613e+12,1284,8314,0.6132
2017-05-12,AVANTIFEED,EQ,894.9,899.0,904.0,890.0,896.0,897.4,896.75,24309,2.17989917e+12,1791,18603,0.7653
2017-05-15,AVANTIFEED,EQ,897.4,1050.0,1076.85,1030.05,1076.85,1076.85,1073.72,202380,2.172997233e+13,1976,137037,0.6771
2017-05-16,AVANTIFEED,EQ,1076.85,1140.0,1249.0,1125.4,1208.0,1205.85,1192.73,586995,7.00128948e+13,40659,140299,0.239
2017-05-17,AVANTIFEED,EQ,1205.85,1210.0,1348.0,1170.05,1300.0,1301.8,1285.25,522425,6.7144525905e+13,42854,132591,0.2538
2017-05-18,AVANTIFEED,EQ,1301.8,1280.0,1408.0,1211.8,1392.0,1378.9,1364.92,587113,8.013635568e+13,34039,182586,0.311
2017-05-19,AVANTIFEED,EQ,1378.9,1410.0,1450.0,1356.6,1401.2,1404.55,1410.13,380589,5.366792174e+13,26287,101265,0.2661
2017-05-22,AVANTIFEED,EQ,1404.55,1404.55,1422.0,1286.0,1306.0,1316.1,1336.86,179423,2.398631299e+13,14266,48550,0.2706
2017-05-23,AVANTIFEED,EQ,1316.1,1330.0,1340.0,1250.0,1301.0,1306.25,1296.75,189470,2.45694667e+13,15094,54101,0.2855
2017-05-24,AVANTIFEED,EQ,1306.25,1310.0,1378.0,1276.2,1347.0,1346.2,1342.64,167701,2.2516133925e+13,18952,52624,0.3138
2017-05-25,AVANTIFEED,EQ,1346.2,1358.0,1389.0,1351.05,1378.95,1374.45,1372.3,94069,1.290910991e+13,7587,30549,0.3248
2017-05-26,AVANTIFEED,EQ,1374.45,1374.95,1433.0,1353.3,1421.5,1422.0,1415.06,221285,3.131313112e+13,16368,72916,0.3295
2017-05-29,AVANTIFEED,EQ,1422.0,1423.0,1428.0,1355.0,1393.1,1398.85,1398.99,64201,8.98165378e+12,6568,24301,0.3785
2017-05-30,AVANTIFEED,EQ,1398.85,1393.1,1399.15,1350.0,1358.7,1362.3,1371.99,41045,5.631338165e+12,3372,18026,0.4392
2017-05-31,AVANTIFEED,EQ,1362.3,1374.0,1423.65,1360.0,1404.7,1401.55,1397.07,206270,2.8817306425e+13,13472,146209,0.7088
2017-06-01,AVANTIFEED,EQ,1401.55,1412.5,1460.0,1403.55,1415.0,1423.7,1431.48,139435,1.9959793935e+13,10074,66996,0.4805
2017-06-02,AVANTIFEED,EQ,1423.7,1405.0,1441.0,1385.0,1411.1,1412.6,1419.9,93752,1.331187567e+13,7965,51769,0.5522
2017-06-05,AVANTIFEED,EQ,1412.6,1418.0,1460.15,1400.0,1409.9,1412.25,1427.44,98031,1.3993321115e+13,7802,32401,0.3305
2017-06-06,AVANTIFEED,EQ,1412.25,1415.5,1426.35,1393.6,1396.0,1401.2,1408.92,60903,8.580762685e+12,6103,35777,0.5874
2017-06-07,AVANTIFEED,EQ,1401.2,1408.95,1440.0,1395.05,1412.0,1417.05,1415.86,91739,1.298894244e+13,11252,30740,0.3351
2017-06-08,AVANTIFEED,EQ,1417.05,1418.0,1429.9,1400.0,1405.0,1404.8,1416.11,41888,5.931794195e+12,4452,18655,0.4454
2017-06-09,AVANTIFEED,EQ,1404.8,1405.0,1430.0,1405.0,1422.0,1423.4,1419.4,60216,8.547058495e+12,5323,36594,0.6077
2017-06-12,AVANTIFEED,EQ,1423.4,1424.0,1449.9,1403.0,1412.0,1411.85,1426.63,51057,7.283933105e+12,5135,22051,0.4319
2017-06-13,AVANTIFEED,EQ,1411.85,1420.0,1425.0,1382.8,1387.95,1397.15,1406.31,28912,4.065935855e+12,2526,16351,0.5655
2017-06-14,AVANTIFEED,EQ,1397.15,1397.85,1415.45,1390.0,1397.0,1399.0,1403.75,38688,5.43082407e+12,4560,17716,0.4579
2017-06-15,AVANTIFEED,EQ,1399.0,1400.0,1413.8,1351.2,1365.05,1364.2,1384.46,50967,7.056158375e+12,5097,29161,0.5722
2017-06-16,AVANTIFEED,EQ,1364.2,1358.0,1385.0,1356.0,1362.55,1366.2,1370.86,30096,4.12574284e+12,3011,17188,0.5711
2017-06-19,AVANTIFEED,EQ,1366.2,1367.0,1379.1,1352.0,1354.7,1356.85,1364.95,14983,2.045101185e+12,2913,9671,0.6455
2017-06-20,AVANTIFEED,EQ,1356.85,1357.0,1360.85,1298.3,1318.0,1314.0,1319.49,93757,1.2371146145e+13,8316,53010,0.5654
2017-06-21,AVANTIFEED,EQ,1314.0,1323.95,1323.95,1293.0,1303.9,1301.65,1308.86,37565,4.91671418e+12,4099,19785,0.5267
2017-06-22,AVANTIFEED,EQ,1301.65,1300.0,1367.95,1300.0,1354.2,1352.15,1346.17,78597,1.058048192e+13,9681,32649,0.4154
2017-06-23,AVANTIFEED,EQ,1352.15,1363.7,1449.9,1352.7,1407.0,1408.2,1410.14,183053,2.5813082085e+13,12447,46503,0.254
2017-06-27,AVANTIFEED,EQ,1408.2,1408.15,1428.95,1365.0,1373.8,1376.6,1396.68,51965,7.25785639e+12,5543,23602,0.4542
2017-06-28,AVANTIFEED,EQ,1376.6,1374.7,1415.0,1360.1,1381.45,1382.8,1391.6,37722,5.24937583e+12,4366,11728,0.3109
2017-06-29,AVANTIFEED,EQ,1382.8,1394.4,1425.0,1390.05,1420.0,1415.4,1413.69,60902,8.60966159e+12,3310,22095,0.3628
2017-06-30,AVANTIFEED,EQ,1415.4,1410.9,1539.0,1390.0,1495.85,1495.85,1492.3,231175,3.449831219e+13,13185,91906,0.3976
2017-07-03,AVANTIFEED,EQ,1495.85,1508.9,1543.2,1486.0,1491.0,1492.35,1514.94,108173,1.6387544505e+13,7407,62692,0.5796
2017-07-04,AVANTIFEED,EQ,1492.35,1487.0,1524.0,1485.0,1486.75,1491.55,1499.15,92281,1.3834294865e+13,5971,34996,0.3792
2017-07-05,AVANTIFEED,EQ,1491.55,1508.7,1628.0,1495.0,1595.0,1592.45,1587.88,312482,4.9618522315e+13,15895,106037,0.3393
2017-07-06,AVANTIFEED,EQ,1592.45,1604.0,1629.0,1552.1,1554.5,1559.6,1583.58,75253,1.1916913095e+13,6335,35574,0.4727
2017-07-07,AVANTIFEED,EQ,1559.6,1554.0,1590.0,1525.0,1542.5,1540.6,1557.1,72584,1.1302054175e+13,6294,38179,0.526
2017-07-10,AVANTIFEED,EQ,1540.6,1555.3,1564.7,1477.0,1551.0,1547.05,1549.97,7598,1.17766723e+12,567,5321,0.7003
2017-07-11,AVANTIFEED,EQ,1547.05,1552.1,1638.0,1550.0,1612.0,1604.65,1604.61,195732,3.140737524e+13,10185,84900,0.4338
2017-07-12,AVANTIFEED,EQ,1604.65,1615.6,1660.0,1608.95,1617.9,1621.7,1639.21,128905,2.1130278635e+13,8340,44377,0.3443
2017-07-13,AVANTIFEED,EQ,1621.7,1629.6,1658.0,1608.2,1613.1,1614.1,1629.46,71745,1.169056876e+13,5557,38526,0.537
2017-07-14,AVANTIFEED,EQ,1614.1,1595.0,1615.0,1559.0,1577.55,1575.55,1586.31,95061,1.5079631005e+13,7128,53595,0.5638
2017-07-17,AVANTIFEED,EQ,1575.55,1587.9,1630.0,1587.85,1620.0,1613.0,1613.96,81701,1.3186173885e+13,6125,52871,0.6471
2017-07-18,AVANTIFEED,EQ,1613.0,1619.9,1642.8,1585.05,1600.0,1600.65,1619.26,70617,1.143475364e+13,5761,37882,0.5364
2017-07-19,AVANTIFEED,EQ,1600.65,1612.8,1668.0,1600.0,1644.0,1644.45,1643.74,136908,2.2504063095e+13,9478,60461,0.4416
2017-07-20,AVANTIFEED,EQ,1644.45,1655.0,1660.7,1625.0,1635.7,1644.5,1644.66,53363,8.77642187e+12,4235,27933,0.5235
2017-07-21,AVANTIFEED,EQ,1644.5,1652.05,1665.0,1641.9,1643.5,1649.05,1653.18,52016,8.599168665e+12,4418,26549,0.5104
2017-07-24,AVANTIFEED,EQ,1649.05,1651.0,1653.5,1606.65,1616.0,1614.55,1627.04,56189,9.14218647e+12,5910,40264,0.7166
2017-07-25,AVANTIFEED,EQ,1614.55,1622.9,1624.0,1585.0,1594.0,1593.55,1597.8,44408,7.095507565e+12,5211,26698,0.6012
2017-07-26,AVANTIFEED,EQ,1593.55,1590.5,1640.0,1585.0,1608.0,1608.6,1619.09,53006,8.582158205e+12,6258,27269,0.5145
2017-07-27,AVANTIFEED,EQ,1608.6,1612.0,1624.9,1586.4,1595.15,1600.1,1604.22,51459,8.25513443e+12,5697,29058,0.5647
2017-07-28,AVANTIFEED,EQ,1600.1,1585.0,1614.95,1585.0,1598.65,1599.8,1600.88,31156,4.98768803e+12,3559,18269,0.5864
2017-07-31,AVANTIFEED,EQ,1599.8,1612.0,1648.0,1600.0,1638.0,1635.75,1627.03,50418,8.20317259e+12,3899,27672,0.5489
2017-08-01,AVANTIFEED,EQ,1635.75,1645.95,1762.55,1640.0,1709.95,1702.25,1712.94,243921,4.178228139e+13,15017,93435,0.3831
2017-08-02,AVANTIFEED,EQ,1702.25,1716.7,1743.4,1700.0,1727.0,1724.85,1725.84,130459,2.2515138215e+13,12873,77000,0.5902
2017-08-03,AVANTIFEED,EQ,1724.85,1725.0,1804.7,1721.6,1780.0,1782.35,1773.25,276588,4.904583987e+13,25307,119119,0.4307
2017-08-04,AVANTIFEED,EQ,1782.35,1790.0,1798.9,1750.0,1786.65,1781.2,1778.22,90246,1.6047686585e+13,12853,37051,0.4106
2017-08-07,AVANTIFEED,EQ,1781.2,1796.4,1845.0,1765.1,1798.0,1801.3,1821.34,137138,2.4977448565e+13,16189,73763,0.5379
2017-08-08,AVANTIFEED,EQ,1801.3,1818.9,1818.9,1756.5,1770.5,1763.55,1776.63,74005,1.314798691e+13,7186,40871,0.5523
2017-08-09,AVANTIFEED,EQ,1763.55,1764.7,1770.05,1690.0,1700.0,1703.05,1729.79,71006,1.228254647e+13,7871,41469,0.584
2017-08-10,AVANTIFEED,EQ,1703.05,1700.0,1703.35,1460.0,1585.0,1576.5,1592.85,280169,4.462674524e+13,21219,110045,0.3928
2017-08-11,AVANTIFEED,EQ,1576.5,1545.05,1695.0,1420.0,1673.0,1646.8,1601.61,311714,4.9924464775e+13,20491,75718,0.2429
2017-08-14,AVANTIFEED,EQ,1646.8,1976.15,1976.15,1835.0,1899.95,1898.5,1896.14,655066,1.2420936228e+14,38178,243929,0.3724
2017-08-16,AVANTIFEED,EQ,1898.5,1924.0,1965.0,1915.0,1942.0,1942.95,1943.84,313734,6.098487584e+13,29513,143498,0.4574
2017-08-17,AVANTIFEED,EQ,1942.95,1958.7,1965.65,1883.5,1907.0,1906.1,1921.74,120793,2.3213305875e+13,12649,48819,0.4042
2017-08-18,AVANTIFEED,EQ,1906.1,1894.9,1960.0,1817.3,1912.0,1920.75,1912.8,196467,3.758022438e+13,14047,66384,0.3379
2017-08-21,AVANTIFEED,EQ,1920.75,1928.5,1964.35,1921.0,1936.0,1933.4,1945.36,97302,1.892869959e+13,8756,45161,0.4641
2017-08-22,AVANTIFEED,EQ,1933.4,1954.45,1958.5,1907.55,1918.0,1923.85,1931.43,79301,1.5316415875e+13,7664,32117,0.405
2017-08-23,AVANTIFEED,EQ,1923.85,1928.0,1949.95,1910.05,1949.0,1946.95,1944.0,74017,1.4388883375e+13,6138,38846,0.5248
2017-08-24,AVANTIFEED,EQ,1946.95,1956.7,1967.0,1915.15,1925.0,1924.2,1937.81,53905,1.044576152e+13,5420,32019,0.594
2017-08-28,AVANTIFEED,EQ,1924.2,1938.0,1938.0,1875.0,1879.0,1884.25,1890.44,96460,1.823516185e+13,7142,65491,0.6789
2017-08-29,AVANTIFEED,EQ,1884.25,1875.0,1875.0,1815.0,1827.3,1825.15,1847.54,74042,1.367958706e+13,7877,40491,0.5469
2017-08-30,AVANTIFEED,EQ,1825.15,1853.35,1905.0,1845.0,1864.55,1865.35,1874.72,75268,1.4110658975e+13,7280,35583,0.4728
2017-08-31,AVANTIFEED,EQ,1865.35,1882.75,1884.0,1842.0,1847.9,1847.45,1857.48,42463,7.8874208e+12,3823,26762,0.6302
2017-09-01,AVANTIFEED,EQ,1847.45,1850.75,1884.0,1850.75,1854.0,1857.3,1865.6,40403,7.53760037e+12,3292,23254,0.5756
2017-09-04,AVANTIFEED,EQ,1857.3,1871.0,1885.5,1836.05,1838.0,1844.35,1859.23,45626,8.482916175e+12,5395,19883,0.4358
2017-09-05,AVANTIFEED,EQ,1844.35,1844.35,1865.6,1801.25,1829.0,1828.0,1839.29,35056,6.447802885e+12,2748,22168,0.6324
2017-09-06,AVANTIFEED,EQ,1828.0,1820.0,1840.0,1805.05,1821.05,1823.65,1826.53,45230,8.261387765e+12,4975,21990,0.4862
2017-09-07,AVANTIFEED,EQ,1823.65,1851.0,1912.0,1851.0,1881.0,1878.9,1888.5,152546,2.8808254415e+13,12720,64037,0.4198
2017-09-08,AVANTIFEED,EQ,1878.9,1920.0,1929.9,1882.0,1896.0,1893.5,1904.94,80664,1.5365974815e+13,7884,34332,0.4256
2017-09-11,AVANTIFEED,EQ,1893.5,1915.0,1920.0,1883.0,1889.0,1887.7,1899.04,39791,7.5564638e+12,3242,24403,0.6133
2017-09-12,AVANTIFEED,EQ,1887.7,1890.15,1916.15,1880.0,1889.0,1886.4,1895.39,32603,6.179531145e+12,3780,19786,0.6069
2017-09-13,AVANTIFEED,EQ,1886.4,1889.95,1898.0,1861.05,1888.0,1882.75,1880.56,34311,6.452383885e+12,3163,22266,0.6489
2017-09-14,AVANTIFEED,EQ,1882.75,1900.0,1900.4,1866.1,1874.95,1879.35,1879.6,25176,4.732088035e+12,2733,12799,0.5084
2017-09-15,AVANTIFEED,EQ,1879.35,1865.0,1905.0,1865.0,1880.0,1884.35,1884.5,48533,9.14603895e+12,3246,29389,0.6055
2017-09-18,AVANTIFEED,EQ,1884.35,1914.7,2119.0,1890.1,2082.65,2059.6,2010.03,254691,5.119359776e+13,15412,108153,0.4246
2017-09-19,AVANTIFEED,EQ,2059.6,2159.7,2174.0,2064.4,2098.0,2088.05,2100.46,215855,4.533943525e+13,22616,118836,0.5505
2017-09-20,AVANTIFEED,EQ,2088.05,2110.15,2130.0,2051.0,2100.0,2101.8,2102.48,90212,1.896686618e+13,7242,47396,0.5254
2017-09-21,AVANTIFEED,EQ,2101.8,2108.9,2178.0,2083.05,2115.0,2111.6,2127.01,104216,2.2166837335e+13,7751,47001,0.451
2017-09-22,AVANTIFEED,EQ,2111.6,2114.35,2114.4,1963.45,2010.0,1999.45,2022.15,125835,2.5445749255e+13,11588,73220,0.5819
2017-09-25,AVANTIFEED,EQ,1999.45,1991.0,2009.45,1870.2,1956.0,1953.4,1931.21,105876,2.044685012e+13,8710,43952,0.4151
2017-09-26,AVANTIFEED,EQ,1953.4,1949.95,2074.0,1929.65,2059.0,2046.75,2028.31,93567,1.8978293345e+13,8664,27210,0.2908
2017-09-27,AVANTIFEED,EQ,2046.75,2087.0,2119.15,2050.0,2050.0,2054.9,2081.84,119633,2.4905726855e+13,9611,44216,0.3696
2017-09-28,AVANTIFEED,EQ,2054.9,2071.0,2087.0,1995.4,2018.0,2022.6,2039.9,76056,1.5514644385e+13,8456,29509,0.388
2017-09-29,AVANTIFEED,EQ,2022.6,2040.95,2064.95,2010.0,2040.0,2029.7,2038.41,59800,1.218968989e+13,5980,32689,0.5466
2017-10-03,AVANTIFEED,EQ,2029.7,2058.9,2300.0,2050.0,2300.0,2251.95,2198.45,444802,9.7787599685e+13,36953,162898,0.3662
2017-10-04,AVANTIFEED,EQ,2251.95,2315.45,2444.85,2263.1,2380.1,2400.15,2352.77,481468,1.13278111225e+14,41606,140705,0.2922
2017-10-05,AVANTIFEED,EQ,2400.15,2410.9,2530.0,2361.2,2453.0,2456.0,2460.52,496032,1.2204949946e+14,30639,121233,0.2444
2017-10-06,AVANTIFEED,EQ,2456.0,2474.9,2510.0,2441.75,2465.15,2458.35,2483.92,155531,3.863271123e+13,14774,55787,0.3587
2017-10-09,AVANTIFEED,EQ,2458.35,2490.0,2507.0,2435.25,2450.0,2453.15,2470.91,84747,2.094018717e+13,8367,33790,0.3987
2017-10-10,AVANTIFEED,EQ,2453.15,2450.0,2475.7,2422.1,2440.0,2446.0,2449.44,63337,1.5514042415e+13,5736,25463,0.402
2017-10-11,AVANTIFEED,EQ,2446.0,2472.0,2510.0,2350.0,2390.0,2389.15,2463.28,178348,4.3932027585e+13,17106,68177,0.3823
2017-10-12,AVANTIFEED,EQ,2389.15,2408.0,2495.0,2408.0,2449.0,2443.8,2457.35,151964,3.7342933095e+13,16428,57933,0.3812
2017-10-13,AVANTIFEED,EQ,2443.8,2467.0,2510.0,2451.95,2504.0,2498.15,2492.48,173875,4.333803566e+13,12722,81218,0.4671
2017-10-16,AVANTIFEED,EQ,2498.15,2536.2,2564.95,2501.85,2519.0,2524.9,2528.73,115922,2.931359255e+13,10515,54488,0.47
2017-10-17,AVANTIFEED,EQ,2524.9,2574.0,2604.95,2530.05,2599.0,2588.2,2578.72,166759,4.3002398465e+13,11742,49759,0.2984
2017-10-18,AVANTIFEED,EQ,2588.2,2611.0,2623.0,2591.45,2599.0,2601.95,2602.05,80207,2.087023754e+13,5213,30056,0.3747
2017-10-19,AVANTIFEED,EQ,2601.95,2612.0,2690.0,2610.0,2679.05,2672.25,2664.64,60332,1.607628912e+13,4872,28017,0.4644
2017-10-23,AVANTIFEED,EQ,2672.25,2705.0,2800.0,2680.0,2703.0,2710.9,2750.82,225341,6.1987347855e+13,19353,91481,0.406
2017-10-24,AVANTIFEED,EQ,2710.9,2750.0,2750.0,2630.0,2645.0,2645.75,2670.09,124705,3.329740104e+13,10329,62443,0.5007
2017-10-25,AVANTIFEED,EQ,2645.75,2674.7,2680.0,2584.05,2629.9,2631.65,2626.98,102758,2.6994355385e+13,9848,55521,0.5403
2017-10-26,AVANTIFEED,EQ,2631.65,2648.0,2839.9,2600.0,2835.0,2791.75,2723.1,189402,5.157611927e+13,16993,84457,0.4459
2017-10-27,AVANTIFEED,EQ,2791.75,2890.0,2920.0,2830.0,2870.0,2858.15,2883.4,190289,5.48678836e+13,17595,73408,0.3858
2017-10-30,AVANTIFEED,EQ,2858.15,2900.0,2918.0,2812.05,2863.0,2875.85,2868.12,91677,2.6294060935e+13,9070,37961,0.4141
2017-10-31,AVANTIFEED,EQ,2875.85,2875.0,2880.0,2800.0,2819.4,2821.45,2838.56,73881,2.0971551785e+13,7926,35115,0.4753
2017-11-01,AVANTIFEED,EQ,2821.45,2861.9,2862.9,2780.0,2791.0,2787.6,2812.82,63580,1.788388219e+13,8206,31073,0.4887
2017-11-02,AVANTIFEED,EQ,2787.6,2815.25,2844.7,2800.0,2828.0,2821.35,2818.88,46199,1.3022920745e+13,4719,18421,0.3987
2017-11-03,AVANTIFEED,EQ,2821.35,2851.95,2879.0,2823.0,2838.6,2842.9,2851.06,57396,1.6363968135e+13,6373,25463,0.4436
2017-11-06,AVANTIFEED,EQ,2842.9,2840.0,2895.0,2810.05,2830.05,2831.75,2844.12,79232,2.253453865e+13,7151,30096,0.3798
2017-11-07,AVANTIFEED,EQ,2831.75,2869.7,2889.85,2802.25,2819.5,2819.75,2848.99,64696,1.8431793665e+13,7049,27875,0.4309
2017-11-08,AVANTIFEED,EQ,2819.75,2833.0,2856.55,2790.0,2807.5,2802.3,2820.74,49824,1.4054073075e+13,5684,22571,0.453
2017-11-09,AVANTIFEED,EQ,2802.3,2829.95,2884.0,2815.0,2872.0,2866.0,2849.82,90865,2.5894884715e+13,8854,39081,0.4301
2017-11-10,AVANTIFEED,EQ,2866.0,2870.0,2917.0,2855.0,2895.0,2888.0,2884.61,97567,2.8144301265e+13,9083,53066,0.5439
2017-11-13,AVANTIFEED,EQ,2888.0,2940.0,2940.0,2725.0,2784.75,2785.6,2825.38,195473,5.522849538e+13,17284,81321,0.416
2017-11-14,AVANTIFEED,EQ,2785.6,2808.5,2809.9,2685.0,2694.7,2702.55,2734.63,122468,3.3490477335e+13,13248,59964,0.4896
2017-11-15,AVANTIFEED,EQ,2702.55,2651.5,2688.0,2499.7,2502.45,2509.4,2562.02,221104,5.6647282015e+13,20591,105507,0.4772
2017-11-16,AVANTIFEED,EQ,2509.4,2510.0,2534.9,2255.0,2433.0,2432.65,2375.27,388140,9.219370247e+13,31199,106826,0.2752
2017-11-17,AVANTIFEED,EQ,2432.65,2520.0,2649.95,2520.0,2612.85,2606.95,2590.06,205352,5.3187397885e+13,17374,89629,0.4365
2017-11-20,AVANTIFEED,EQ,2606.95,2629.7,2674.9,2535.55,2547.7,2547.3,2585.43,104282,2.696135818e+13,9447,51453,0.4934
2017-11-21,AVANTIFEED,EQ,2547.3,2572.0,2723.95,2535.35,2706.25,2706.7,2668.23,312504,8.338333887e+13,21076,108311,0.3466
2017-11-22,AVANTIFEED,EQ,2706.7,2748.5,2790.0,2682.65,2733.0,2726.55,2751.12,166119,4.57012862e+13,12966,58527,0.3523
2017-11-23,AVANTIFEED,EQ,2726.55,2730.0,2761.55,2660.0,2662.0,2682.4,2702.78,93696,2.532392711e+13,7639,39444,0.421
2017-11-24,AVANTIFEED,EQ,2682.4,2682.0,2682.0,2590.0,2612.4,2604.6,2619.31,88137,2.308580261e+13,8227,44223,0.5018
2017-11-27,AVANTIFEED,EQ,2604.6,2616.15,2660.25,2566.0,2590.0,2587.15,2603.9,92691,2.4135850135e+13,7352,36864,0.3977
2017-11-28,AVANTIFEED,EQ,2587.15,2607.95,2629.95,2590.5,2604.0,2598.35,2605.18,52230,1.3606857735e+13,5272,22746,0.4355
2017-11-29,AVANTIFEED,EQ,2598.35,2620.0,2622.7,2550.0,2550.95,2555.85,2585.79,66032,1.707448205e+13,6536,30947,0.4687
2017-11-30,AVANTIFEED,EQ,2555.85,2548.7,2647.7,2450.0,2631.3,2611.9,2556.33,122878,3.141170783e+13,10202,64325,0.5235
2017-12-01,AVANTIFEED,EQ,2611.9,2635.4,2710.0,2600.0,2638.3,2624.05,2666.84,123716,3.2993098565e+13,12944,59096,0.4777
2017-12-04,AVANTIFEED,EQ,2624.05,2635.0,2673.7,2552.5,2560.0,2562.25,2590.07,61783,1.600224141e+13,6964,28885,0.4675
2017-12-05,AVANTIFEED,EQ,2562.25,2581.0,2600.0,2545.0,2578.8,2578.75,2580.98,90121,2.326006272e+13,8953,37321,0.4141
2017-12-06,AVANTIFEED,EQ,2578.75,2616.9,2660.0,2606.05,2634.0,2619.7,2629.34,98995,2.6029133125e+13,13630,47769,0.4825
2017-12-07,AVANTIFEED,EQ,2619.7,2644.95,2660.0,2612.95,2638.0,2643.05,2638.28,53083,1.400479743e+13,5132,28823,0.543
2017-12-08,AVANTIFEED,EQ,2643.05,2630.0,2695.0,2606.0,2634.95,2644.3,2656.86,88815,2.359687686e+13,7686,30820,0.347
2017-12-11,AVANTIFEED,EQ,2644.3,2658.8,2669.0,2608.0,2625.15,2616.15,2642.83,50429,1.3327517495e+13,4281,28242,0.56
2017-12-12,AVANTIFEED,EQ,2616.15,2622.0,2629.15,2551.1,2566.0,2564.7,2589.5,40567,1.0504818795e+13,4835,24104,0.5942
2017-12-13,AVANTIFEED,EQ,2564.7,2570.0,2580.0,2495.0,2511.0,2511.65,2538.17,92443,2.3463578275e+13,10338,58062,0.6281
2017-12-14,AVANTIFEED,EQ,2511.65,2545.0,2580.0,2501.0,2540.0,2535.8,2545.13,64708,1.6469049015e+13,6286,29826,0.4609
2017-12-15,AVANTIFEED,EQ,2535.8,2560.25,2645.0,2560.0,2593.0,2600.75,2612.75,90244,2.357846189e+13,7199,38232,0.4237
2017-12-18,AVANTIFEED,EQ,2600.75,2600.0,2628.5,2501.05,2574.9,2569.65,2585.52,84039,2.1728443325e+13,8086,34976,0.4162
2017-12-19,AVANTIFEED,EQ,2569.65,2575.0,2609.95,2560.0,2566.0,2566.85,2583.93,47362,1.223803033e+13,5404,20016,0.4226
2017-12-20,AVANTIFEED,EQ,2566.85,2580.1,2599.95,2550.0,2568.0,2563.1,2578.48,42279,1.0901561745e+13,4299,19414,0.4592
2017-12-21,AVANTIFEED,EQ,2563.1,2572.0,2588.0,2553.0,2556.1,2557.5,2568.95,24791,6.36869587e+12,2869,13243,0.5342
2017-12-22,AVANTIFEED,EQ,2557.5,2569.0,2575.0,2536.05,2555.0,2550.75,2557.26,36281,9.277995645e+12,3389,23077,0.6361
2017-12-26,AVANTIFEED,EQ,2550.75,2570.0,2570.2,2525.0,2538.55,2538.5,2542.62,32713,8.31768009e+12,3242,19945,0.6097
2017-12-27,AVANTIFEED,EQ,2538.5,2559.9,2559.9,2506.0,2512.0,2516.8,2534.34,34223,8.67325818e+12,4029,22227,0.6495
2017-12-28,AVANTIFEED,EQ,2516.8,2532.0,2546.95,2501.0,2514.15,2512.1,2522.74,48882,1.2331638835e+13,4307,28400,0.581
2017-12-29,AVANTIFEED,EQ,2512.1,2525.0,2538.8,2517.05,2535.0,2534.15,2531.7,42907,1.0862778475e+13,3464,27825,0.6485
2018-01-01,AVANTIFEED,EQ,2534.15,2555.9,2654.0,2541.0,2612.0,2585.25,2607.94,113531,2.960820934e+13,8587,44203,0.3893
2018-01-02,AVANTIFEED,EQ,2585.25,2622.0,2628.0,2500.0,2593.7,2591.25,2587.71,61832,1.600034052e+13,4948,25303,0.4092
2018-01-03,AVANTIFEED,EQ,2591.25,2600.0,2604.0,2551.5,2558.0,2561.75,2572.88,34868,8.97110474e+12,3804,17638,0.5059
2018-01-04,AVANTIFEED,EQ,2561.75,2576.85,2588.4,2538.05,2540.0,2547.4,2555.63,39297,1.004286934e+13,4693,24043,0.6118
2018-01-05,AVANTIFEED,EQ,2547.4,2557.0,2725.0,2552.35,2695.0,2695.0,2669.42,250773,6.6941968655e+13,16407,97930,0.3905
2018-01-08,AVANTIFEED,EQ,2695.0,2700.0,2748.45,2661.15,2684.8,2683.55,2704.17,68834,1.8613893495e+13,6122,37205,0.5405
2018-01-09,AVANTIFEED,EQ,2683.55,2689.0,2698.25,2640.15,2659.9,2659.15,2667.24,42639,1.13728365e+13,5622,19044,0.4466
2018-01-10,AVANTIFEED,EQ,2659.15,2650.0,2650.05,2572.1,2584.0,2581.95,2600.54,58039,1.5093249015e+13,5397,28670,0.494
2018-01-11,AVANTIFEED,EQ,2581.95,2525.4,2594.85,2525.4,2579.8,2571.9,2573.14,56086,1.443171081e+13,8013,29158,0.5199
2018-01-12,AVANTIFEED,EQ,2571.9,2581.0,2649.0,2550.0,2561.45,2568.7,2606.29,72467,1.8886981925e+13,6542,26978,0.3723
2018-01-15,AVANTIFEED,EQ,2568.7,2579.95,2609.0,2542.0,2544.95,2548.0,2566.38,34125,8.7577773e+12,3918,21102,0.6184
2018-01-16,AVANTIFEED,EQ,2548.0,2570.0,2570.0,2490.0,2505.5,2502.7,2518.05,60169,1.5150877935e+13,5648,37368,0.6211
2018-01-17,AVANTIFEED,EQ,2502.7,2510.0,2527.0,2440.0,2500.0,2478.85,2482.88,51485,1.2783098455e+13,6215,26486,0.5144
2018-01-18,AVANTIFEED,EQ,2478.85,2501.0,2519.0,2427.0,2435.0,2436.25,2467.29,39695,9.793921735e+12,5308,21388,0.5388
2018-01-19,AVANTIFEED,EQ,2436.25,2405.0,2473.9,2401.0,2450.0,2454.9,2428.62,60005,1.4572949455e+13,7674,27135,0.4522
2018-01-22,AVANTIFEED,EQ,2454.9,2437.05,2530.0,2437.05,2508.0,2505.3,2493.82,45717,1.1400977025e+13,5871,17316,0.3788
2018-01-23,AVANTIFEED,EQ,2505.3,2518.5,2563.95,2516.65,2532.0,2535.55,2542.49,62868,1.5984103045e+13,6837,27879,0.4435
2018-01-24,AVANTIFEED,EQ,2535.55,2516.4,2527.0,2465.0,2470.05,2474.8,2489.46,34391,8.561499085e+12,5940,19425,0.5648
2018-01-25,AVANTIFEED,EQ,2474.8,2509.0,2518.7,2430.0,2432.15,2438.8,2464.24,27197,6.70199796e+12,3533,17459,0.6419
2018-01-29,AVANTIFEED,EQ,2438.8,2438.0,2470.0,2369.95,2375.9,2378.25,2415.01,64347,1.5539840415e+13,9652,41956,0.652
2018-01-30,AVANTIFEED,EQ,2378.25,2340.0,2370.0,2265.3,2274.7,2274.8,2300.37,67822,1.560157413e+13,9227,39907,0.5884
2018-01-31,AVANTIFEED,EQ,2274.8,2274.7,2274.7,2171.1,2221.0,2217.15,2212.45,93603,2.0709205455e+13,10017,49360,0.5273
2018-02-01,AVANTIFEED,EQ,2217.15,2254.7,2545.0,2236.4,2402.05,2400.55,2420.59,495900,1.20036947885e+14,38521,97619,0.1969
2018-02-02,AVANTIFEED,EQ,2400.55,2348.5,2448.0,2200.0,2350.0,2352.15,2352.59,238830,5.618691891e+13,17091,82495,0.3454
2018-02-05,AVANTIFEED,EQ,2352.15,2275.0,2349.95,2226.45,2310.05,2316.95,2306.13,105692,2.437390388e+13,8977,43811,0.4145
2018-02-06,AVANTIFEED,EQ,2316.95,2180.0,2250.0,2118.05,2249.95,2219.7,2204.84,128997,2.8441801365e+13,12993,51247,0.3973
2018-02-07,AVANTIFEED,EQ,2219.7,2300.0,2473.55,2285.95,2401.0,2430.85,2372.36,166605,3.9524645725e+13,12258,46461,0.2789
2018-02-08,AVANTIFEED,EQ,2430.85,2447.85,2576.85,2424.0,2514.0,2515.0,2506.87,132018,3.3095132645e+13,10425,54056,0.4095
2018-02-09,AVANTIFEED,EQ,2515.0,2450.0,2566.05,2401.5,2448.0,2444.0,2480.9,163108,4.046546289e+13,13388,58487,0.3586
2018-02-12,AVANTIFEED,EQ,2444.0,2550.0,2600.0,2480.0,2490.0,2506.75,2532.53,167831,4.2503628835e+13,12070,80877,0.4819
2018-02-14,AVANTIFEED,EQ,2506.75,2529.85,2530.0,2404.05,2414.9,2413.1,2437.55,86343,2.104652204e+13,8762,42851,0.4963
2018-02-15,AVANTIFEED,EQ,2413.1,2430.0,2447.0,2366.05,2378.0,2374.8,2401.27,68702,1.649723102e+13,6849,25902,0.377
2018-02-16,AVANTIFEED,EQ,2374.8,2397.8,2397.8,2315.0,2347.0,2342.35,2346.16,64492,1.513086846e+13,9789,33085,0.513
2018-02-19,AVANTIFEED,EQ,2342.35,2342.35,2344.95,2231.6,2300.0,2290.6,2282.37,80687,1.8415727535e+13,9177,41940,0.5198
2018-02-20,AVANTIFEED,EQ,2290.6,2281.0,2370.0,2279.85,2330.0,2324.8,2322.61,57685,1.339799743e+13,7192,27020,0.4684
2018-02-21,AVANTIFEED,EQ,2324.8,2340.95,2359.25,2304.05,2344.55,2344.5,2339.89,46082,1.0782662425e+13,6256,23099,0.5013
2018-02-22,AVANTIFEED,EQ,2344.5,2325.5,2368.0,2270.0,2304.8,2311.7,2314.69,78791,1.8237644275e+13,12059,33868,0.4298
2018-02-23,AVANTIFEED,EQ,2311.7,2318.0,2424.0,2314.25,2404.9,2410.6,2391.14,159084,3.803923424e+13,18574,70535,0.4434
2018-02-26,AVANTIFEED,EQ,2410.6,2439.0,2499.0,2410.0,2450.0,2455.4,2470.22,107023,2.6437063765e+13,11946,56438,0.5273
2018-02-27,AVANTIFEED,EQ,2455.4,2471.7,2471.7,2372.0,2394.0,2395.7,2400.37,86124,2.0672911965e+13,13537,40571,0.4711
2018-02-28,AVANTIFEED,EQ,2395.7,2369.95,2432.0,2335.5,2406.15,2397.9,2382.1,95885,2.284075713e+13,6481,33956,0.3541
2018-03-01,AVANTIFEED,EQ,2397.9,2414.95,2518.0,2410.0,2430.0,2431.45,2467.32,195686,4.8281921825e+13,23887,71740,0.3666
2018-03-05,AVANTIFEED,EQ,2431.45,2428.7,2457.7,2400.0,2437.2,2438.45,2438.86,125184,3.0530643875e+13,14965,87405,0.6982
2018-03-06,AVANTIFEED,EQ,2438.45,2446.2,2495.0,2402.0,2417.0,2418.75,2443.18,67683,1.653617058e+13,9084,31976,0.4724
2018-03-07,AVANTIFEED,EQ,2418.75,2400.0,2400.0,2326.0,2373.35,2374.3,2362.19,101481,2.397178971e+13,12906,53610,0.5283
2018-03-08,AVANTIFEED,EQ,2374.3,2374.3,2409.8,2312.1,2321.55,2328.5,2343.99,88963,2.0852811695e+13,10638,48823,0.5488
2018-03-09,AVANTIFEED,EQ,2328.5,2332.0,2399.8,2309.45,2362.0,2362.05,2366.36,70968,1.6793582015e+13,12108,34281,0.483
2018-03-12,AVANTIFEED,EQ,2362.05,2380.0,2380.1,2250.0,2284.95,2283.55,2286.88,200972,4.5959896605e+13,16847,78340,0.3898
2018-03-13,AVANTIFEED,EQ,2283.55,2299.85,2486.45,2290.0,2458.0,2450.5,2422.25,305626,7.4030248855e+13,29690,119619,0.3914
2018-03-14,AVANTIFEED,EQ,2450.5,2454.0,2454.0,2386.6,2398.0,2401.05,2417.44,149300,3.609239638e+13,21257,69206,0.4635
2018-03-15,AVANTIFEED,EQ,2401.05,2395.0,2440.0,2351.0,2379.8,2371.0,2391.05,86365,2.0650310695e+13,13324,38167,0.4419
2018-03-16,AVANTIFEED,EQ,2371.0,2390.0,2396.0,2332.35,2352.3,2346.0,2350.67,249459,5.8639519685e+13,25048,184012,0.7376
2018-03-19,AVANTIFEED,EQ,2346.0,2352.3,2401.5,2290.0,2296.2,2297.15,2312.12,71630,1.6561725675e+13,9451,39113,0.546
2018-03-20,AVANTIFEED,EQ,2297.15,2290.0,2362.6,2250.1,2298.5,2295.05,2303.68,110691,2.549967729e+13,12727,53359,0.4821
2018-03-21,AVANTIFEED,EQ,2295.05,2301.1,2346.95,2261.0,2268.4,2269.2,2294.78,81622,1.8730462345e+13,7914,50657,0.6206
2018-03-22,AVANTIFEED,EQ,2269.2,2284.9,2320.0,2244.0,2249.0,2248.25,2262.86,75456,1.707461758e+13,7929,48166,0.6383
2018-03-23,AVANTIFEED,EQ,2248.25,2200.0,2201.1,2126.05,2163.0,2165.25,2163.74,140563,3.041423463e+13,11959,80334,0.5715
2018-03-26,AVANTIFEED,EQ,2165.25,2198.9,2200.0,1740.0,2190.0,2183.7,2145.92,105053,2.2543585385e+13,9974,52052,0.4955
2018-03-27,AVANTIFEED,EQ,2183.7,2210.2,2247.95,2185.0,2198.0,2194.3,2211.63,72479,1.602967128e+13,5928,26261,0.3623
2018-03-28,AVANTIFEED,EQ,2194.3,2212.0,2256.0,2212.0,2231.0,2234.65,2238.92,90408,2.024162717e+13,8402,42356,0.4685
2018-04-02,AVANTIFEED,EQ,2234.65,2235.05,2439.2,2230.0,2395.0,2386.05,2372.2,182426,4.327513348e+13,16395,70799,0.3881
2018-04-03,AVANTIFEED,EQ,2386.05,2386.0,2424.0,2343.05,2370.0,2365.55,2383.11,97942,2.334063985e+13,8923,47326,0.4832
2018-04-04,AVANTIFEED,EQ,2365.55,2385.0,2399.0,2255.0,2268.0,2262.85,2313.68,123693,2.861863812e+13,9604,58392,0.4721
2018-04-05,AVANTIFEED,EQ,2262.85,2300.0,2334.85,2280.0,2294.0,2290.35,2297.83,57594,1.3234094505e+13,6389,26681,0.4633
2018-04-06,AVANTIFEED,EQ,2290.35,2291.0,2334.0,2265.15,2298.5,2308.0,2298.85,59732,1.373147498e+13,6139,27676,0.4633
2018-04-09,AVANTIFEED,EQ,2308.0,2300.0,2328.4,2285.7,2297.0,2305.55,2304.32,85545,1.9712262935e+13,7717,36062,0.4216
2018-04-10,AVANTIFEED,EQ,2305.55,2305.15,2324.0,2269.0,2282.9,2272.45,2287.88,67408,1.5422169235e+13,5711,36581,0.5427
2018-04-11,AVANTIFEED,EQ,2272.45,2290.0,2293.0,2256.15,2266.25,2267.3,2270.49,55514,1.26044133e+13,5075,25143,0.4529
2018-04-12,AVANTIFEED,EQ,2267.3,2267.6,2290.05,2237.0,2240.05,2240.0,2252.48,49175,1.107655247e+13,6277,26140,0.5316
2018-04-13,AVANTIFEED,EQ,2240.0,2240.0,2262.0,2192.2,2198.0,2197.85,2221.73,73496,1.632882568e+13,8446,40813,0.5553
2018-04-16,AVANTIFEED,EQ,2197.85,2194.0,2194.0,2152.6,2171.0,2174.15,2172.59,70074,1.5224183275e+13,9723,37599,0.5366
2018-04-17,AVANTIFEED,EQ,2174.15,2197.8,2197.8,2146.2,2150.0,2151.85,2163.56,51775,1.120181652e+13,5533,33901,0.6548
2018-04-18,AVANTIFEED,EQ,2151.85,2160.0,2179.9,2150.0,2170.0,2162.5,2163.51,57467,1.243305561e+13,5010,31084,0.5409
2018-04-19,AVANTIFEED,EQ,2162.5,2169.95,2200.0,2160.0,2175.25,2188.15,2180.71,104336,2.275265544e+13,15408,68258,0.6542
2018-04-20,AVANTIFEED,EQ,2188.15,2190.0,2395.0,2175.0,2369.95,2357.05,2286.29,468382,1.0708565191e+14,33555,181344,0.3872
2018-04-23,AVANTIFEED,EQ,2357.05,2490.0,2498.0,2351.5,2365.0,2364.8,2424.45,411162,9.9684054735e+13,30895,185153,0.4503
2018-04-24,AVANTIFEED,EQ,2364.8,2376.0,2414.0,2350.0,2398.1,2392.8,2387.17,121638,2.903703799e+13,10246,52703,0.4333
2018-04-25,AVANTIFEED,EQ,2392.8,2405.0,2473.9,2400.0,2460.0,2461.35,2445.41,345466,8.4480465215e+13,31251,174645,0.5055
2018-04-26,AVANTIFEED,EQ,2461.35,2472.0,2525.0,2463.0,2490.0,2493.35,2498.59,197447,4.933389599e+13,15697,84605,0.4285
2018-04-27,AVANTIFEED,EQ,2493.35,2493.35,2520.0,2475.0,2485.15,2486.4,2490.32,82507,2.0546842345e+13,7007,36841,0.4465
2018-04-30,AVANTIFEED,EQ,2486.4,2513.75,2513.75,2434.65,2490.0,2482.9,2481.55,136025,3.375532261e+13,11333,69375,0.51
2018-05-02,AVANTIFEED,EQ,2482.9,2520.0,2520.0,2401.05,2410.6,2412.85,2444.8,137164,3.3533849265e+13,12170,72573,0.5291
2018-05-03,AVANTIFEED,EQ,2412.85,2411.0,2420.0,2340.0,2356.8,2359.5,2370.96,70459,1.6705537515e+13,7844,33152,0.4705
2018-05-04,AVANTIFEED,EQ,2359.5,2365.95,2436.45,2305.55,2413.0,2407.65,2387.11,116929,2.7912217965e+13,15431,45637,0.3903
2018-05-07,AVANTIFEED,EQ,2407.65,2433.9,2443.95,2355.0,2393.9,2386.7,2383.29,92018,2.193052937e+13,7396,44009,0.4783
2018-05-08,AVANTIFEED,EQ,2386.7,2395.0,2448.45,2365.0,2438.0,2436.35,2414.97,137898,3.3302003185e+13,19240,57260,0.4152
2018-05-09,AVANTIFEED,EQ,2436.35,2459.0,2478.0,2373.0,2384.0,2388.0,2416.52,186681,4.511180394e+13,21370,87795,0.4703
2018-05-10,AVANTIFEED,EQ,2388.0,2400.0,2400.0,2300.15,2308.0,2306.05,2329.74,167715,3.90733016e+13,15100,64503,0.3846
2018-05-11,AVANTIFEED,EQ,2306.05,2305.0,2348.9,2269.0,2279.0,2279.3,2293.2,80238,1.840019693e+13,8253,26415,0.3292
2018-05-14,AVANTIFEED,EQ,2279.3,2280.0,2280.05,2145.0,2158.0,2164.75,2187.09,173197,3.7879743855e+13,15030,93853,0.5419
2018-05-15,AVANTIFEED,EQ,2164.75,2155.0,2190.0,2120.0,2148.0,2132.8,2154.41,135246,2.913752141e+13,14343,61257,0.4529
2018-05-16,AVANTIFEED,EQ,2132.8,2125.0,2125.0,1976.2,2048.0,2048.85,2032.23,218199,4.4343032305e+13,21364,90284,0.4138
2018-05-17,AVANTIFEED,EQ,2048.85,2049.0,2095.0,2030.0,2044.7,2039.95,2048.94,124354,2.5479432215e+13,11957,73772,0.5932
2018-05-18,AVANTIFEED,EQ,2039.95,2054.0,2087.95,2030.0,2039.5,2044.4,2058.53,82674,1.7018685755e+13,9264,38006,0.4597
2018-05-21,AVANTIFEED,EQ,2044.4,2048.7,2048.7,1901.0,1940.0,1953.0,1959.88,135244,2.650623234e+13,12884,49703,0.3675
2018-05-22,AVANTIFEED,EQ,1953.0,1952.0,2034.8,1901.0,1980.0,1981.65,1961.92,146525,2.874705193e+13,12248,59111,0.4034
2018-05-23,AVANTIFEED,EQ,1981.65,1967.8,1970.0,1905.0,1910.75,1913.35,1934.52,90123,1.7434459105e+13,13188,46863,0.52
2018-05-24,AVANTIFEED,EQ,1913.35,1899.95,1956.9,1891.0,1930.0,1932.95,1932.95,94873,1.833846678e+13,6878,30841,0.3251
2018-05-25,AVANTIFEED,EQ,1932.95,1933.25,1973.75,1906.0,1958.0,1954.55,1936.13,139307,2.6971650325e+13,10545,73070,0.5245
2018-05-28,AVANTIFEED,EQ,1954.55,1910.0,1910.0,1812.0,1814.0,1816.7,1847.62,269950,4.987643034e+13,18157,139426,0.5165
2018-05-29,AVANTIFEED,EQ,1816.7,1825.0,1869.5,1813.0,1820.0,1819.55,1838.62,125515,2.3077378015e+13,9165,55705,0.4438
2018-05-30,AVANTIFEED,EQ,1819.55,1800.0,1801.0,1725.5,1740.0,1739.4,1760.59,292777,5.1545885865e+13,23868,121346,0.4145
2018-05-31,AVANTIFEED,EQ,1739.4,1744.9,1755.55,1545.05,1627.0,1632.85,1616.7,654297,1.05779905235e+14,48809,215814,0.3298
2018-06-01,AVANTIFEED,EQ,1632.85,1610.0,1617.0,1533.0,1538.0,1546.65,1564.71,292197,4.572024139e+13,27378,115182,0.3942
2018-06-04,AVANTIFEED,EQ,1546.65,1550.0,1556.95,1476.6,1484.95,1486.4,1502.35,254843,3.8286287915e+13,23315,82118,0.3222
2018-06-05,AVANTIFEED,EQ,1486.4,1471.0,1471.05,1235.0,1352.0,1357.9,1356.35,1042132,1.41349371645e+14,63799,261624,0.251
2018-06-06,AVANTIFEED,EQ,1357.9,1348.0,1629.45,1300.0,1629.45,1623.7,1524.4,1650619,2.5161989041e+14,97694,246378,0.1493
2018-06-07,AVANTIFEED,EQ,1623.7,1680.0,1926.0,1675.0,1803.5,1821.55,1822.39,2751828,5.0149022776e+14,162600,403396,0.1466
2018-06-08,AVANTIFEED,EQ,1821.55,1794.0,1890.0,1713.95,1840.0,1825.0,1822.16,1375911,2.50713010745e+14,86340,138874,0.1009
2018-06-11,AVANTIFEED,EQ,1825.0,1900.0,1980.0,1870.2,1896.0,1894.4,1924.14,1262536,2.42929629765e+14,81037,216949,0.1718
2018-06-12,AVANTIFEED,EQ,1894.4,1908.0,1945.0,1802.0,1840.0,1837.05,1870.91,924932,1.7304612478e+14,56673,143816,0.1555
2018-06-13,AVANTIFEED,EQ,1837.05,1854.0,1897.0,1810.0,1878.3,1878.55,1857.62,640980,1.19069986965e+14,39660,106559,0.1662
2018-06-14,AVANTIFEED,EQ,1878.55,1878.8,1915.0,1856.0,1862.0,1867.25,1878.37,385440,7.240000195e+13,26183,57012,0.1479
2018-06-15,AVANTIFEED,EQ,1867.25,1894.0,1914.0,1832.2,1838.2,1846.05,1876.06,639787,1.20027732955e+14,42763,128538,0.2009
2018-06-18,AVANTIFEED,EQ,1846.05,1838.0,1865.0,1828.0,1849.1,1846.65,1845.91,248513,4.587331583e+13,17427,81640,0.3285
2018-06-19,AVANTIFEED,EQ,1846.65,1847.0,1847.0,1706.1,1715.0,1727.1,1773.42,385045,6.8284585705e+13,30290,99596,0.2587
2018-06-20,AVANTIFEED,EQ,1727.1,1710.0,1756.45,1612.0,1617.0,1626.1,1669.41,550736,9.194051816e+13,36000,106704,0.1937
2018-06-21,AVANTIFEED,EQ,1626.1,1623.15,1632.8,1541.0,1550.0,1559.5,1567.08,687052,1.07666603755e+14,39488,147912,0.2153
2018-06-22,AVANTIFEED,EQ,1559.5,1546.4,1617.0,1501.0,1529.8,1546.3,1549.89,1037623,1.60820438585e+14,53149,167997,0.1619
2018-06-25,AVANTIFEED,EQ,1546.3,1531.0,1605.0,1526.35,1560.95,1563.35,1567.43,607950,9.529218226e+13,33359,169351,0.2786
2018-06-26,AVANTIFEED,EQ,1563.35,538.0,625.3,535.95,599.0,599.3,608.01,4546290,2.76418094255e+14,118669,542645,0.1194
2018-06-27,AVANTIFEED,EQ,599.3,602.85,615.0,574.4,595.0,593.2,594.06,2266245,1.34628028625e+14,73369,307481,0.1357
2018-06-28,AVANTIFEED,EQ,593.2,592.0,592.0,538.0,545.35,548.0,566.06,966420,5.470518549e+13,35803,208344,0.2156
2018-06-29,AVANTIFEED,EQ,548.0,555.0,566.7,535.0,538.2,538.15,545.87,1249229,6.819110337e+13,40701,227867,0.1824
2018-07-02,AVANTIFEED,EQ,538.15,542.5,543.0,506.5,508.0,509.6,519.82,856094,4.4501792005e+13,35847,206016,0.2406
2018-07-03,AVANTIFEED,EQ,509.6,500.0,501.05,471.0,481.1,483.05,484.08,1326493,6.4213104325e+13,46982,198719,0.1498
2018-07-04,AVANTIFEED,EQ,483.05,480.0,514.0,470.0,506.7,509.0,498.36,2371506,1.18185419985e+14,84643,237824,0.1003
2018-07-05,AVANTIFEED,EQ,509.0,506.7,515.0,489.25,490.4,494.45,503.62,897901,4.52205364e+13,30513,180988,0.2016
2018-07-06,AVANTIFEED,EQ,494.45,489.0,492.5,471.0,474.8,475.4,480.77,817862,3.932064618e+13,27009,229303,0.2804
2018-07-09,AVANTIFEED,EQ,475.4,475.0,482.0,461.1,464.05,465.3,471.99,815468,3.8489502455e+13,30625,240184,0.2945
2018-07-10,AVANTIFEED,EQ,465.3,463.0,472.8,454.0,457.6,459.0,461.41,975302,4.500148037e+13,30455,274460,0.2814
2018-07-11,AVANTIFEED,EQ,459.0,456.8,471.1,451.0,457.85,458.7,461.82,665456,3.073226406e+13,23252,145525,0.2187
2018-07-12,AVANTIFEED,EQ,458.7,461.0,463.65,445.05,445.35,448.95,454.14,649653,2.9503510185e+13,22471,198873,0.3061
2018-07-13,AVANTIFEED,EQ,448.95,458.0,463.9,441.0,444.3,445.3,451.18,872817,3.9379725765e+13,29965,158275,0.1813
2018-07-16,AVANTIFEED,EQ,445.3,442.2,444.8,415.0,415.2,419.4,426.9,694191,2.9635204615e+13,27359,236142,0.3402
2018-07-17,AVANTIFEED,EQ,419.4,404.0,427.45,390.0,419.05,419.05,411.65,1431313,5.891985573e+13,58603,274451,0.1917
2018-07-18,AVANTIFEED,EQ,419.05,424.0,431.0,409.0,414.15,413.1,418.35,647421,2.7084598925e+13,30422,169439,0.2617
2018-07-19,AVANTIFEED,EQ,413.1,413.0,426.85,404.0,421.0,421.15,417.09,658595,2.746946412e+13,27634,169637,0.2576
2018-07-20,AVANTIFEED,EQ,421.15,422.3,434.45,417.0,427.9,430.6,426.25,694076,2.9585221035e+13,21804,157138,0.2264
2018-07-23,AVANTIFEED,EQ,430.6,433.9,433.9,421.2,421.5,423.55,426.31,343283,1.4634661825e+13,11733,123505,0.3598
2018-07-24,AVANTIFEED,EQ,423.55,422.75,464.9,420.05,454.0,453.8,452.69,1233247,5.5828107455e+13,43686,283317,0.2297
2018-07-25,AVANTIFEED,EQ,453.8,457.9,469.8,455.0,457.9,459.5,461.59,629678,2.9065584695e+13,22709,175531,0.2788
2018-07-26,AVANTIFEED,EQ,459.5,460.0,462.4,433.0,436.0,435.75,442.49,644235,2.85065543e+13,19851,246903,0.3832
2018-07-27,AVANTIFEED,EQ,435.75,436.2,457.95,435.1,443.0,443.55,446.66,1027958,4.5915208165e+13,27298,144908,0.141
2018-07-30,AVANTIFEED,EQ,443.55,443.0,459.0,441.0,457.0,456.1,453.38,585262,2.653451343e+13,20308,211644,0.3616
2018-07-31,AVANTIFEED,EQ,456.1,458.0,489.9,456.25,484.0,484.1,478.19,1574970,7.5313753415e+13,46790,317508,0.2016
2018-08-01,AVANTIFEED,EQ,484.1,487.9,496.0,482.3,486.0,485.95,488.81,727686,3.557026887e+13,24807,219995,0.3023
2018-08-02,AVANTIFEED,EQ,485.95,486.1,488.0,475.05,480.55,480.5,479.78,645386,3.0964260955e+13,21638,265419,0.4113
2018-08-03,AVANTIFEED,EQ,480.5,482.0,519.0,482.0,509.55,510.55,505.73,1705189,8.623576939e+13,47661,372953,0.2187
