Date,Symbol,Series,Prev Close,Open,High,Low,Last,Close,VWAP,Volume,Turnover,Trades,Deliverable Volume,%Deliverble,AdjClose,AdjFactor
2015-11-02,COFFEEDAY,EQ,328.0,317.0,317.0,266.3,271.0,270.45,285.36,18353828,5.2374832627e+14,227002,4540154,0.2474,270.45,1.0
2015-11-03,COFFEEDAY,EQ,270.45,274.0,284.85,272.15,274.85,276.25,278.59,4773563,1.32984405625e+14,79419,1899143,0.3978,276.25,1.0
2015-11-04,COFFEEDAY,EQ,276.25,277.45,283.5,275.1,280.8,281.6,279.92,1853793,5.1891211215e+13,26099,567059,0.3059,281.6,1.0
2015-11-05,COFFEEDAY,EQ,281.6,280.95,281.4,276.0,277.0,277.0,278.73,785960,2.1907443385e+13,17134,359600,0.4575,277.0,1.0
2015-11-06,COFFEEDAY,EQ,277.0,279.0,279.0,270.0,271.25,271.05,272.13,521576,1.4193895005e+13,12267,206896,0.3967,271.05,1.0
2015-11-09,COFFEEDAY,EQ,271.05,266.5,276.0,253.6,274.0,273.9,271.57,603103,1.6378253395e+13,16684,307507,0.5099,273.9,1.0
2015-11-10,COFFEEDAY,EQ,273.9,276.1,280.5,267.8,268.5,269.8,276.0,564758,1.558730578e+13,13023,265560,0.4702,269.8,1.0
2015-11-11,COFFEEDAY,EQ,269.8,273.9,275.6,273.0,274.0,273.55,273.8,89578,2.452676335e+12,2240,39687,0.443,273.55,1.0
2015-11-13,COFFEEDAY,EQ,273.55,271.5,271.95,263.5,266.8,265.8,266.34,264878,7.05465358e+12,5225,126022,0.4758,265.8,1.0
2015-11-16,COFFEEDAY,EQ,265.8,266.0,274.7,260.05,267.25,268.05,268.09,534428,1.432764544e+13,10926,127382,0.2384,268.05,1.0
2015-11-17,COFFEEDAY,EQ,268.05,270.1,274.4,264.55,265.6,265.55,269.01,354953,9.54845626e+12,6866,119211,0.3359,265.55,1.0
2015-11-18,COFFEEDAY,EQ,265.55,265.9,267.7,260.25,262.0,261.3,263.56,236271,6.227262e+12,4641,135762,0.5746,261.3,1.0
2015-11-19,COFFEEDAY,EQ,261.3,263.0,263.75,259.25,261.95,260.55,261.21,269156,7.030495395e+12,4588,142353,0.5289,260.55,1.0
2015-11-20,COFFEEDAY,EQ,260.55,261.6,266.0,258.5,259.05,259.15,261.52,251995,6.590163185e+12,5173,116773,0.4634,259.15,1.0
2015-11-23,COFFEEDAY,EQ,259.15,260.0,267.5,257.5,264.75,264.85,263.77,413189,1.0898879245e+13,7084,175761,0.4254,264.85,1.0
2015-11-24,COFFEEDAY,EQ,264.85,265.8,270.0,262.05,265.1,266.4,266.21,298584,7.948467415e+12,6683,133538,0.4472,266.4,1.0
2015-11-26,COFFEEDAY,EQ,266.4,268.4,269.4,264.0,266.5,266.3,267.14,172026,4.595539445e+12,3925,77298,0.4493,266.3,1.0
2015-11-27,COFFEEDAY,EQ,266.3,267.0,267.05,257.15,258.1,258.25,259.59,644846,1.673931221e+13,12777,449981,0.6978,258.25,1.0
2015-11-30,COFFEEDAY,EQ,258.25,259.8,261.75,254.0,254.5,255.35,257.54,447105,1.151467849e+13,6716,327775,0.7331,255.35,1.0
2015-12-01,COFFEEDAY,EQ,255.35,255.75,264.4,255.5,258.15,257.75,259.3,578648,1.500409277e+13,8025,332177,0.5741,257.75,1.0
2015-12-02,COFFEEDAY,EQ,257.75,258.5,262.0,256.25,257.5,257.5,258.85,195142,5.051190515e+12,4600,87337,0.4476,257.5,1.0
2015-12-03,COFFEEDAY,EQ,257.5,258.4,264.9,257.5,261.15,261.85,261.68,426129,1.115098454e+13,8571,173672,0.4076,261.85,1.0
2015-12-04,COFFEEDAY,EQ,261.85,260.1,261.35,253.2,254.4,254.8,257.66,192546,4.96111777e+12,4077,107689,0.5593,254.8,1.0
2015-12-07,COFFEEDAY,EQ,254.8,256.7,258.85,252.5,253.1,253.25,255.39,112645,2.876818345e+12,3041,59720,0.5302,253.25,1.0
2015-12-08,COFFEEDAY,EQ,253.25,257.0,267.5,255.0,257.1,257.25,262.67,1238319,3.2526344725e+13,21780,289670,0.2339,257.25,1.0
2015-12-09,COFFEEDAY,EQ,257.25,257.45,261.4,252.0,254.0,252.95,256.48,260920,6.691979965e+12,5765,105252,0.4034,252.95,1.0
2015-12-10,COFFEEDAY,EQ,252.95,254.7,257.9,253.0,256.9,255.85,255.61,158434,4.049761475e+12,6425,68261,0.4308,255.85,1.0
2015-12-11,COFFEEDAY,EQ,255.85,255.5,260.0,254.65,257.25,257.05,257.32,202076,5.199866245e+12,7438,91837,0.4545,257.05,1.0
2015-12-14,COFFEEDAY,EQ,257.05,256.5,256.5,253.05,253.65,253.7,254.52,100567,2.55958868e+12,2762,35677,0.3548,253.7,1.0
2015-12-15,COFFEEDAY,EQ,253.7,252.5,275.0,252.5,274.95,272.8,268.42,1537448,4.126786101e+13,29814,511634,0.3328,272.8,1.0
2015-12-16,COFFEEDAY,EQ,272.8,275.0,278.4,269.85,269.85,270.25,272.96,377777,1.031197148e+13,7634,135450,0.3585,270.25,1.0
2015-12-17,COFFEEDAY,EQ,270.25,271.95,284.9,270.5,282.0,283.3,281.08,1222779,3.437033087e+13,25673,391851,0.3205,283.3,1.0
2015-12-18,COFFEEDAY,EQ,283.3,281.9,290.0,281.15,284.5,285.65,287.22,998753,2.8686264325e+13,20598,418352,0.4189,285.65,1.0
2015-12-21,COFFEEDAY,EQ,285.65,284.5,288.4,281.55,286.9,285.2,285.33,243332,6.942930695e+12,6507,80918,0.3325,285.2,1.0
2015-12-22,COFFEEDAY,EQ,285.2,285.7,287.55,282.0,283.0,282.85,283.84,197449,5.604432075e+12,3239,86265,0.4369,282.85,1.0
2015-12-23,COFFEEDAY,EQ,282.85,283.1,285.2,275.1,276.6,276.3,279.03,199786,5.57455526e+12,4260,80454,0.4027,276.3,1.0
2015-12-24,COFFEEDAY,EQ,276.3,276.6,283.5,275.0,280.4,279.2,279.58,183806,5.13885318e+12,4020,46402,0.2525,279.2,1.0
2015-12-28,COFFEEDAY,EQ,279.2,280.0,280.9,275.0,275.5,275.9,276.9,135546,3.753279705e+12,2938,52809,0.3896,275.9,1.0
2015-12-29,COFFEEDAY,EQ,275.9,276.2,286.75,276.0,286.2,284.95,282.15,385285,1.087094886e+13,8321,198210,0.5145,284.95,1.0
2015-12-30,COFFEEDAY,EQ,284.95,284.1,297.35,280.0,281.0,284.7,290.63,869774,2.527847829e+13,17262,321126,0.3692,284.7,1.0
2015-12-31,COFFEEDAY,EQ,284.7,282.0,286.9,281.8,283.5,283.75,284.27,179009,5.08864094e+12,4278,53374,0.2982,283.75,1.0
2016-01-01,COFFEEDAY,EQ,283.75,284.4,291.2,283.3,288.0,288.05,287.66,215725,6.20564428e+12,3903,91451,0.4239,288.05,1.0
2016-01-04,COFFEEDAY,EQ,288.05,287.8,288.0,277.65,278.6,280.45,281.91,162531,4.581991625e+12,3842,77197,0.475,280.45,1.0
2016-01-05,COFFEEDAY,EQ,280.45,282.0,288.0,278.1,281.0,282.45,282.51,173477,4.90086047e+12,4314,57023,0.3287,282.45,1.0
2016-01-06,COFFEEDAY,EQ,282.45,282.55,286.0,272.2,274.1,274.3,278.66,206553,5.755800875e+12,4516,102830,0.4978,274.3,1.0
2016-01-07,COFFEEDAY,EQ,274.3,270.1,273.8,267.1,269.5,269.85,270.37,187070,5.057844595e+12,6010,109497,0.5853,269.85,1.0
2016-01-08,COFFEEDAY,EQ,269.85,272.3,279.0,267.45,272.0,273.0,274.01,271414,7.437064475e+12,5448,69414,0.2557,273.0,1.0
2016-01-11,COFFEEDAY,EQ,273.0,269.95,273.0,267.0,267.5,267.75,269.53,121689,3.27984722e+12,2197,53873,0.4427,267.75,1.0
2016-01-12,COFFEEDAY,EQ,267.75,268.05,271.95,264.1,266.05,265.8,267.74,113798,3.04677931e+12,2586,48928,0.43,265.8,1.0
2016-01-13,COFFEEDAY,EQ,265.8,268.4,269.0,256.5,259.3,259.55,261.18,209649,5.47562908e+12,3574,124885,0.5957,259.55,1.0
2016-01-14,COFFEEDAY,EQ,259.55,256.8,260.1,254.0,256.3,255.6,256.85,110285,2.832621075e+12,2764,56758,0.5146,255.6,1.0
2016-01-15,COFFEEDAY,EQ,255.6,257.95,261.85,252.1,253.0,253.75,256.72,134162,3.444197545e+12,3126,76675,0.5715,253.75,1.0
2016-01-18,COFFEEDAY,EQ,253.75,251.0,251.85,242.05,242.25,243.5,245.6,120840,2.96788457e+12,6370,64102,0.5305,243.5,1.0
2016-01-19,COFFEEDAY,EQ,243.5,237.2,249.2,237.2,242.65,243.8,244.16,108272,2.64360253e+12,6688,52493,0.4848,243.8,1.0
2016-01-20,COFFEEDAY,EQ,243.8,241.8,245.55,239.05,245.0,243.65,242.18,190503,4.61354859e+12,3364,130849,0.6869,243.65,1.0
2016-01-21,COFFEEDAY,EQ,243.65,243.85,248.35,241.55,246.05,246.35,246.25,414907,1.021712306e+13,2907,368116,0.8872,246.35,1.0
2016-01-22,COFFEEDAY,EQ,246.35,248.1,254.9,247.0,250.3,250.3,249.69,156258,3.90164239e+12,2610,112501,0.72,250.3,1.0
2016-01-25,COFFEEDAY,EQ,250.3,251.1,254.2,242.5,250.0,248.65,250.94,49558,1.243600755e+12,3666,28213,0.5693,248.65,1.0
2016-01-27,COFFEEDAY,EQ,248.65,248.95,250.95,245.15,249.0,247.55,247.51,60757,1.503826165e+12,5445,32107,0.5284,247.55,1.0
2016-01-28,COFFEEDAY,EQ,247.55,248.0,254.5,244.0,254.0,252.8,248.35,318556,7.911247275e+12,2027,282858,0.8879,252.8,1.0
2016-01-29,COFFEEDAY,EQ,252.8,251.95,267.0,249.0,263.5,263.3,255.3,1046979,2.6729464905e+13,4218,958300,0.9153,263.3,1.0
2016-02-01,COFFEEDAY,EQ,263.3,263.1,265.0,258.1,259.55,259.9,260.83,131637,3.43350674e+12,6427,80268,0.6098,259.9,1.0
2016-02-02,COFFEEDAY,EQ,259.9,259.15,259.55,248.2,248.85,250.55,253.72,132354,3.358123985e+12,3577,87295,0.6596,250.55,1.0
2016-02-03,COFFEEDAY,EQ,250.55,247.1,250.45,242.5,245.15,246.05,247.19,96556,2.386758335e+12,2703,62633,0.6487,246.05,1.0
2016-02-04,COFFEEDAY,EQ,246.05,246.85,249.8,243.2,245.25,244.95,246.08,50563,1.24427366e+12,3365,34056,0.6735,244.95,1.0
2016-02-05,COFFEEDAY,EQ,244.95,241.0,250.5,241.0,247.0,246.2,246.23,154637,3.80768056e+12,2097,124702,0.8064,246.2,1.0
2016-02-08,COFFEEDAY,EQ,246.2,247.0,248.75,243.8,246.05,245.8,246.35,37496,9.2371641e+11,2039,20916,0.5578,245.8,1.0
2016-02-09,COFFEEDAY,EQ,245.8,244.7,246.5,241.1,242.7,243.25,243.99,38524,9.3993052e+11,1188,22394,0.5813,243.25,1.0
2016-02-10,COFFEEDAY,EQ,243.25,244.05,244.45,240.0,242.0,242.5,241.62,101449,2.451237295e+12,2067,53056,0.523,242.5,1.0
2016-02-11,COFFEEDAY,EQ,242.5,242.5,243.9,223.0,227.45,225.2,231.97,163105,3.783572075e+12,4832,106621,0.6537,225.2,1.0
2016-02-12,COFFEEDAY,EQ,225.2,229.65,230.0,220.1,222.2,222.45,223.92,236648,5.29905643e+12,7812,202728,0.8567,222.45,1.0
2016-02-15,COFFEEDAY,EQ,222.45,225.0,230.0,224.1,224.8,224.75,226.57,166782,3.778742035e+12,6574,119286,0.7152,224.75,1.0
2016-02-16,COFFEEDAY,EQ,224.75,225.3,228.8,223.0,225.0,225.15,224.86,174119,3.91521318e+12,4300,134163,0.7705,225.15,1.0
2016-02-17,COFFEEDAY,EQ,225.15,227.0,238.4,221.15,226.55,228.0,227.98,239976,5.470933385e+12,8893,155315,0.6472,228.0,1.0
2016-02-18,COFFEEDAY,EQ,228.0,230.8,230.8,221.1,225.0,225.15,225.21,126563,2.85038757e+12,3926,88285,0.6976,225.15,1.0
2016-02-19,COFFEEDAY,EQ,225.15,227.8,230.0,224.3,225.1,225.85,226.19,138097,3.123548285e+12,3932,114703,0.8306,225.85,1.0
2016-02-22,COFFEEDAY,EQ,225.85,229.9,229.9,225.0,225.0,225.15,225.82,89707,2.02579e+12,1650,77338,0.8621,225.15,1.0
2016-02-23,COFFEEDAY,EQ,225.15,225.05,226.9,223.9,225.0,225.0,225.04,95412,2.1471234e+12,2256,86885,0.9106,225.0,1.0
2016-02-24,COFFEEDAY,EQ,225.0,221.85,226.9,221.85,225.1,225.1,224.95,64568,1.45242544e+12,1836,55366,0.8575,225.1,1.0
2016-02-25,COFFEEDAY,EQ,225.1,225.2,226.85,222.1,225.4,225.3,224.66,42554,9.56024215e+11,1509,27801,0.6533,225.3,1.0
2016-02-26,COFFEEDAY,EQ,225.3,226.7,228.85,224.0,225.0,225.1,224.99,89130,2.005352475e+12,1960,76535,0.8587,225.1,1.0
2016-02-29,COFFEEDAY,EQ,225.1,225.2,226.0,218.7,224.0,222.05,222.18,142084,3.156810725e+12,3415,111607,0.7855,222.05,1.0
2016-03-01,COFFEEDAY,EQ,222.05,226.5,226.5,223.1,225.2,225.05,225.13,62894,1.41590422e+12,3324,49591,0.7885,225.05,1.0
2016-03-02,COFFEEDAY,EQ,225.05,227.5,237.5,226.5,228.5,228.55,230.29,67405,1.552274475e+12,2430,43457,0.6447,228.55,1.0
2016-03-03,COFFEEDAY,EQ,228.55,228.7,237.15,227.95,232.9,232.2,233.36,66785,1.558492295e+12,2801,33024,0.4945,232.2,1.0
2016-03-04,COFFEEDAY,EQ,232.2,231.15,240.0,231.1,236.0,237.05,237.28,82267,1.95200118e+12,2067,57209,0.6954,237.05,1.0
2016-03-08,COFFEEDAY,EQ,237.05,234.15,239.8,233.0,234.35,234.25,235.02,103637,2.435676485e+12,1996,92188,0.8895,234.25,1.0
2016-03-09,COFFEEDAY,EQ,234.25,236.1,236.1,230.0,230.05,231.05,231.51,83682,1.93731424e+12,981,70725,0.8452,231.05,1.0
2016-03-10,COFFEEDAY,EQ,231.05,231.95,234.45,225.0,225.5,226.35,229.07,62035,1.421006855e+12,1326,48307,0.7787,226.35,1.0
2016-03-11,COFFEEDAY,EQ,226.35,227.25,230.0,225.0,226.0,225.3,226.11,48691,1.10093318e+12,1310,33693,0.692,225.3,1.0
2016-03-14,COFFEEDAY,EQ,225.3,225.0,229.0,225.0,225.0,225.1,225.97,73022,1.65005185e+12,1181,53974,0.7391,225.1,1.0
2016-03-15,COFFEEDAY,EQ,225.1,225.05,227.4,222.0,225.0,224.85,224.31,190190,4.266153545e+12,2189,177354,0.9325,224.85,1.0
2016-03-16,COFFEEDAY,EQ,224.85,224.1,226.5,224.1,225.0,225.05,225.01,28574,6.4294696e+11,814,22789,0.7975,225.05,1.0
2016-03-17,COFFEEDAY,EQ,225.05,226.0,240.0,225.25,228.25,228.3,230.09,847365,1.9497342195e+13,7295,650589,0.7678,228.3,1.0
2016-03-18,COFFEEDAY,EQ,228.3,228.5,233.95,228.5,232.0,232.8,232.27,78190,1.816113505e+12,2614,46851,0.5992,232.8,1.0
2016-03-21,COFFEEDAY,EQ,232.8,234.2,235.25,228.0,229.85,229.5,231.81,30600,7.0933938e+11,1082,20521,0.6706,229.5,1.0
2016-03-22,COFFEEDAY,EQ,229.5,229.75,233.3,227.1,228.0,228.45,229.89,44715,1.027934885e+12,1232,22941,0.513,228.45,1.0
2016-03-23,COFFEEDAY,EQ,228.45,226.1,229.9,225.95,226.0,226.15,227.54,30969,7.0466223e+11,1149,21952,0.7088,226.15,1.0
2016-03-28,COFFEEDAY,EQ,226.15,227.0,228.9,224.0,225.1,225.0,225.35,52140,1.17495372e+12,1560,42336,0.812,225.0,1.0
2016-03-29,COFFEEDAY,EQ,225.0,225.0,228.0,220.5,220.5,224.55,225.36,181479,4.08974584e+12,1671,155703,0.858,224.55,1.0
2016-03-30,COFFEEDAY,EQ,224.55,225.0,226.6,224.05,225.0,225.0,225.15,77498,1.744840125e+12,1629,60701,0.7833,225.0,1.0
2016-03-31,COFFEEDAY,EQ,225.0,225.1,230.5,222.6,225.0,225.45,226.03,133090,3.008257775e+12,6205,74667,0.561,225.45,1.0
2016-04-01,COFFEEDAY,EQ,225.45,223.25,231.15,223.25,229.1,228.6,228.04,52185,1.190045975e+12,1784,26707,0.5118,228.6,1.0
2016-04-04,COFFEEDAY,EQ,228.6,226.25,232.0,226.25,226.5,227.1,228.62,46763,1.06909362e+12,1563,22956,0.4909,227.1,1.0
2016-04-05,COFFEEDAY,EQ,227.1,224.0,228.5,224.0,226.75,226.55,226.78,25812,5.85368545e+11,720,18354,0.7111,226.55,1.0
2016-04-06,COFFEEDAY,EQ,226.55,224.05,233.9,224.05,229.8,229.9,229.54,63715,1.462513625e+12,2007,39053,0.6129,229.9,1.0
2016-04-07,COFFEEDAY,EQ,229.9,229.95,230.55,226.7,228.1,227.95,228.39,19454,4.4430144e+11,654,11048,0.5679,227.95,1.0
2016-04-08,COFFEEDAY,EQ,227.95,228.0,236.0,226.4,233.5,234.65,232.51,84217,1.9580892e+12,2318,39628,0.4705,234.65,1.0
2016-04-11,COFFEEDAY,EQ,234.65,235.0,236.3,231.05,232.9,233.8,233.85,24364,5.6974852e+11,963,15895,0.6524,233.8,1.0
2016-04-12,COFFEEDAY,EQ,233.8,232.4,235.0,230.05,230.55,231.15,232.87,52236,1.21641024e+12,2060,37951,0.7265,231.15,1.0
2016-04-13,COFFEEDAY,EQ,231.15,233.0,235.9,231.7,233.25,233.85,233.82,37356,8.7344716e+11,1018,26577,0.7115,233.85,1.0
2016-04-18,COFFEEDAY,EQ,233.85,235.0,235.9,231.75,232.2,232.55,233.72,27687,6.47102155e+11,1231,19686,0.711,232.55,1.0
2016-04-20,COFFEEDAY,EQ,232.55,230.4,250.5,230.4,245.5,246.3,244.37,288250,7.044031495e+12,6715,138516,0.4805,246.3,1.0
2016-04-21,COFFEEDAY,EQ,246.3,245.15,249.55,243.2,245.0,245.05,246.83,56974,1.4063131e+12,1376,41111,0.7216,245.05,1.0
2016-04-22,COFFEEDAY,EQ,245.05,246.3,246.3,240.0,242.5,241.9,241.69,32498,7.85445145e+11,1669,14333,0.441,241.9,1.0
2016-04-25,COFFEEDAY,EQ,241.9,240.05,244.8,238.1,240.45,239.95,241.22,39955,9.6380596e+11,1104,25746,0.6444,239.95,1.0
2016-04-26,COFFEEDAY,EQ,239.95,240.05,241.5,235.0,235.5,235.3,236.89,33504,7.9367015e+11,1609,23275,0.6947,235.3,1.0
2016-04-27,COFFEEDAY,EQ,235.3,236.0,275.0,234.1,270.7,270.8,265.83,1265955,3.3652398625e+13,19664,278413,0.2199,270.8,1.0
2016-04-28,COFFEEDAY,EQ,270.8,272.5,273.5,255.3,262.0,261.95,263.77,359970,9.495017805e+12,8116,170880,0.4747,261.95,1.0
2016-04-29,COFFEEDAY,EQ,261.95,260.55,268.7,256.45,258.85,259.2,263.02,123564,3.249972335e+12,3032,42323,0.3425,259.2,1.0
2016-05-02,COFFEEDAY,EQ,259.2,257.25,266.9,257.25,260.3,261.65,262.11,111595,2.92503216e+12,3094,33386,0.2992,261.65,1.0
2016-05-03,COFFEEDAY,EQ,261.65,265.3,267.4,260.0,260.65,261.7,263.91,148802,3.927007315e+12,2772,37711,0.2534,261.7,1.0
2016-05-04,COFFEEDAY,EQ,261.7,261.0,261.05,253.1,253.5,254.2,256.55,47200,1.210913435e+12,1237,26189,0.5549,254.2,1.0
2016-05-05,COFFEEDAY,EQ,254.2,255.05,270.95,246.1,262.5,266.55,262.52,218956,5.747981825e+12,4799,69630,0.318,266.55,1.0
2016-05-06,COFFEEDAY,EQ,266.55,264.0,266.5,260.0,260.2,260.6,262.52,56691,1.48826462e+12,1779,21992,0.3879,260.6,1.0
2016-05-09,COFFEEDAY,EQ,260.6,255.0,265.0,255.0,261.0,260.5,261.56,33693,8.8127267e+11,1319,20138,0.5977,260.5,1.0
2016-05-10,COFFEEDAY,EQ,260.5,261.65,271.65,257.0,263.9,264.95,265.73,127505,3.388249515e+12,4655,49703,0.3898,264.95,1.0
2016-05-11,COFFEEDAY,EQ,264.95,262.0,266.25,259.25,263.75,262.05,262.6,43577,1.14431644e+12,2033,24949,0.5725,262.05,1.0
2016-05-12,COFFEEDAY,EQ,262.05,262.1,267.5,262.1,264.5,264.45,264.69,43163,1.14246155e+12,1609,27037,0.6264,264.45,1.0
2016-05-13,COFFEEDAY,EQ,264.45,264.7,271.8,260.6,266.0,266.8,267.3,162676,4.348380255e+12,5254,73694,0.453,266.8,1.0
2016-05-16,COFFEEDAY,EQ,266.8,268.0,269.0,262.2,265.0,265.8,266.0,45032,1.19787359e+12,2747,29939,0.6648,265.8,1.0
2016-05-17,COFFEEDAY,EQ,265.8,267.5,269.9,265.0,265.85,265.45,267.19,50662,1.353633705e+12,2544,28227,0.5572,265.45,1.0
2016-05-18,COFFEEDAY,EQ,265.45,263.35,268.0,260.0,264.0,264.65,265.72,35594,9.4579195e+11,2528,17388,0.4885,264.65,1.0
2016-05-19,COFFEEDAY,EQ,264.65,267.0,274.0,264.6,265.0,265.35,269.79,154614,4.17128893e+12,4577,54306,0.3512,265.35,1.0
2016-05-20,COFFEEDAY,EQ,265.35,264.7,276.75,258.2,261.0,262.45,267.68,760326,2.0352149925e+13,16175,101646,0.1337,262.45,1.0
2016-05-23,COFFEEDAY,EQ,262.45,268.0,269.9,258.1,262.5,261.15,263.67,62836,1.65678702e+12,2012,34141,0.5433,261.15,1.0
2016-05-24,COFFEEDAY,EQ,261.15,264.6,264.6,250.2,252.0,253.65,255.75,49801,1.27366547e+12,2190,31629,0.6351,253.65,1.0
2016-05-25,COFFEEDAY,EQ,253.65,255.9,260.7,254.05,256.5,255.55,257.16,59882,1.53990078e+12,3573,36805,0.6146,255.55,1.0
2016-05-26,COFFEEDAY,EQ,255.55,257.0,259.9,255.1,259.9,258.55,257.78,28332,7.30329945e+11,1723,21552,0.7607,258.55,1.0
2016-05-27,COFFEEDAY,EQ,258.55,258.0,261.0,254.25,254.25,254.45,256.62,29447,7.55676265e+11,1134,20400,0.6928,254.45,1.0
2016-05-30,COFFEEDAY,EQ,254.45,254.0,259.55,250.3,253.25,255.75,255.93,51504,1.318167495e+12,1994,31767,0.6168,255.75,1.0
2016-05-31,COFFEEDAY,EQ,255.75,257.9,271.5,257.0,267.3,267.9,265.78,415796,1.1051079685e+13,10540,284000,0.683,267.9,1.0
2016-06-01,COFFEEDAY,EQ,267.9,265.5,269.8,263.0,264.3,264.95,265.97,31909,8.486956e+11,1099,16319,0.5114,264.95,1.0
2016-06-02,COFFEEDAY,EQ,264.95,261.45,265.0,260.1,260.35,261.5,262.31,29581,7.75949835e+11,960,21275,0.7192,261.5,1.0
2016-06-03,COFFEEDAY,EQ,261.5,261.6,264.85,255.2,257.0,256.45,259.12,49994,1.295433055e+12,1450,30598,0.612,256.45,1.0
2016-06-06,COFFEEDAY,EQ,256.45,260.0,274.9,259.5,260.75,261.15,263.67,118128,3.11468587e+12,3230,29572,0.2503,261.15,1.0
2016-06-07,COFFEEDAY,EQ,261.15,262.05,263.15,258.0,258.5,258.55,259.26,29377,7.61620855e+11,1085,14962,0.5093,258.55,1.0
2016-06-08,COFFEEDAY,EQ,258.55,258.7,260.5,255.0,257.0,256.5,257.06,59764,1.53631402e+12,1570,34676,0.5802,256.5,1.0
2016-06-09,COFFEEDAY,EQ,256.5,258.0,262.5,256.2,257.0,256.85,259.12,45085,1.168224385e+12,1546,17467,0.3874,256.85,1.0
2016-06-10,COFFEEDAY,EQ,256.85,259.05,260.0,254.5,255.0,255.55,256.53,57365,1.47157349e+12,1611,38339,0.6683,255.55,1.0
2016-06-13,COFFEEDAY,EQ,255.55,258.0,263.75,251.0,252.9,253.45,258.12,230707,5.95499388e+12,5355,72068,0.3124,253.45,1.0
2016-06-14,COFFEEDAY,EQ,253.45,255.7,261.0,252.25,253.5,253.05,256.32,91644,2.348986185e+12,1987,29308,0.3198,253.05,1.0
2016-06-15,COFFEEDAY,EQ,253.05,254.15,256.6,252.1,252.6,253.0,254.04,42597,1.082129955e+12,1648,19424,0.456,253.0,1.0
2016-06-16,COFFEEDAY,EQ,253.0,254.0,255.85,252.0,252.0,252.8,253.1,43703,1.10610774e+12,1362,22803,0.5218,252.8,1.0
2016-06-17,COFFEEDAY,EQ,252.8,254.9,255.95,252.1,253.0,253.65,254.05,44702,1.135670435e+12,1415,25270,0.5653,253.65,1.0
2016-06-20,COFFEEDAY,EQ,253.65,252.0,259.7,250.7,256.3,256.05,255.53,98387,2.514120875e+12,2905,51320,0.5216,256.05,1.0
2016-06-21,COFFEEDAY,EQ,256.05,256.95,256.95,251.3,252.0,252.1,253.02,500992,1.2676025385e+13,1469,471250,0.9406,252.1,1.0
2016-06-22,COFFEEDAY,EQ,252.1,252.5,262.3,252.5,253.5,254.2,255.63,472378,1.207532355e+13,5091,305777,0.6473,254.2,1.0
2016-06-23,COFFEEDAY,EQ,254.2,255.0,256.7,245.5,251.0,250.7,252.76,119815,3.028456155e+12,1735,75777,0.6325,250.7,1.0
2016-06-24,COFFEEDAY,EQ,250.7,247.85,263.0,235.3,242.0,243.65,246.38,132165,3.256307415e+12,2436,45177,0.3418,243.65,1.0
2016-06-27,COFFEEDAY,EQ,243.65,243.65,252.05,243.65,248.25,248.4,248.34,58333,1.44863788e+12,1607,19820,0.3398,248.4,1.0
2016-06-28,COFFEEDAY,EQ,248.4,249.0,253.3,248.0,249.1,250.05,250.43,76641,1.919298895e+12,3071,34820,0.4543,250.05,1.0
2016-06-29,COFFEEDAY,EQ,250.05,252.35,256.85,251.55,251.85,252.3,253.59,83314,2.112780245e+12,3195,33785,0.4055,252.3,1.0
2016-06-30,COFFEEDAY,EQ,252.3,254.6,257.0,254.5,255.9,255.5,255.75,82426,2.108037035e+12,3282,44493,0.5398,255.5,1.0
2016-07-01,COFFEEDAY,EQ,255.5,257.85,265.2,250.3,259.6,259.8,259.59,203130,5.273045925e+12,7095,69010,0.3397,259.8,1.0
2016-07-04,COFFEEDAY,EQ,259.8,261.45,263.5,256.8,261.0,259.6,260.06,71943,1.87097565e+12,2775,30032,0.4174,259.6,1.0
2016-07-05,COFFEEDAY,EQ,259.6,260.1,261.0,256.6,258.0,257.45,258.63,44677,1.155460685e+12,882,18800,0.4208,257.45,1.0
2016-07-07,COFFEEDAY,EQ,257.45,258.0,260.0,252.1,252.65,252.9,256.03,123040,3.15019476e+12,2084,61064,0.4963,252.9,1.0
2016-07-08,COFFEEDAY,EQ,252.9,253.0,255.9,251.0,252.0,251.65,252.97,45530,1.15177831e+12,1099,19064,0.4187,251.65,1.0
2016-07-11,COFFEEDAY,EQ,251.65,253.75,254.7,250.5,251.0,251.15,252.31,65114,1.64286892e+12,1455,36285,0.5573,251.15,1.0
2016-07-12,COFFEEDAY,EQ,251.15,251.5,253.9,249.25,249.95,250.25,251.36,41933,1.054033455e+12,1392,23669,0.5644,250.25,1.0
2016-07-13,COFFEEDAY,EQ,250.25,250.65,252.5,245.65,247.25,247.65,248.81,48532,1.20753406e+12,1277,31999,0.6593,247.65,1.0
2016-07-14,COFFEEDAY,EQ,247.65,247.55,249.5,244.5,245.0,245.15,246.64,58795,1.45012059e+12,2865,40529,0.6893,245.15,1.0
2016-07-15,COFFEEDAY,EQ,245.15,246.7,247.0,241.25,241.5,241.75,244.03,108518,2.648122125e+12,1589,94943,0.8749,241.75,1.0
2016-07-18,COFFEEDAY,EQ,241.75,243.9,243.9,235.75,236.0,236.85,239.37,54615,1.307301895e+12,1620,40675,0.7448,236.85,1.0
2016-07-19,COFFEEDAY,EQ,236.85,230.0,236.0,230.0,230.95,231.2,232.74,184797,4.300952985e+12,3884,138294,0.7484,231.2,1.0
2016-07-20,COFFEEDAY,EQ,231.2,232.2,234.5,231.0,232.25,232.0,232.42,93283,2.16805012e+12,2796,67989,0.7288,232.0,1.0
2016-07-21,COFFEEDAY,EQ,232.0,233.0,246.5,232.0,244.65,244.0,238.44,1067990,2.546517636e+13,6954,649860,0.6085,244.0,1.0
2016-07-22,COFFEEDAY,EQ,244.0,246.0,255.0,245.95,252.7,251.3,251.9,261783,6.594409845e+12,4357,114855,0.4387,251.3,1.0
2016-07-25,COFFEEDAY,EQ,251.3,251.6,258.1,247.3,251.75,252.7,254.08,130816,3.32380231e+12,2400,58821,0.4496,252.7,1.0
2016-07-26,COFFEEDAY,EQ,252.7,253.95,253.95,244.7,245.55,245.2,246.97,104005,2.568644625e+12,2022,75735,0.7282,245.2,1.0
2016-07-27,COFFEEDAY,EQ,245.2,246.0,250.5,244.0,245.4,245.4,247.28,71706,1.77315971e+12,1306,49243,0.6867,245.4,1.0
2016-07-28,COFFEEDAY,EQ,245.4,246.0,255.4,242.0,245.9,246.3,248.81,132541,3.297692695e+12,2782,61807,0.4663,246.3,1.0
2016-07-29,COFFEEDAY,EQ,246.3,246.9,248.8,243.0,243.0,244.9,245.67,39620,9.7334563e+11,1465,25323,0.6391,244.9,1.0
2016-08-01,COFFEEDAY,EQ,244.9,244.5,248.0,242.0,242.0,242.45,244.1,37875,9.245203e+11,1234,25766,0.6803,242.45,1.0
2016-08-02,COFFEEDAY,EQ,242.45,242.0,247.55,240.1,241.5,241.3,242.76,52856,1.283131345e+12,1514,36184,0.6846,241.3,1.0
2016-08-03,COFFEEDAY,EQ,241.3,241.3,244.85,235.6,236.0,237.25,238.73,69147,1.650775685e+12,1633,50487,0.7301,237.25,1.0
2016-08-04,COFFEEDAY,EQ,237.25,237.25,240.6,236.6,237.25,237.1,238.17,24997,5.95342235e+11,829,14930,0.5973,237.1,1.0
2016-08-05,COFFEEDAY,EQ,237.1,236.1,241.8,236.1,237.55,238.65,239.17,61282,1.465695635e+12,1138,35523,0.5797,238.65,1.0
2016-08-08,COFFEEDAY,EQ,238.65,240.0,245.9,239.0,244.0,243.65,243.12,59444,1.445207955e+12,1579,39043,0.6568,243.65,1.0
2016-08-09,COFFEEDAY,EQ,243.65,243.8,245.8,240.1,241.0,241.15,242.75,28714,6.97024665e+11,810,18574,0.6469,241.15,1.0
2016-08-10,COFFEEDAY,EQ,241.15,241.5,243.9,236.2,237.05,237.35,239.02,26647,6.36919025e+11,898,19649,0.7374,237.35,1.0
2016-08-11,COFFEEDAY,EQ,237.35,238.0,243.0,235.7,241.4,238.95,238.7,53007,1.265280065e+12,2038,21446,0.4046,238.95,1.0
2016-08-12,COFFEEDAY,EQ,238.95,245.0,245.0,235.1,235.4,236.5,240.31,154650,3.71638772e+12,2916,70463,0.4556,236.5,1.0
2016-08-16,COFFEEDAY,EQ,236.5,235.0,238.95,235.0,235.35,235.35,235.96,24608,5.80657955e+11,710,15501,0.6299,235.35,1.0
2016-08-17,COFFEEDAY,EQ,235.35,235.0,239.6,235.0,238.15,238.05,238.02,63173,1.50363191e+12,2664,38762,0.6136,238.05,1.0
2016-08-18,COFFEEDAY,EQ,238.05,241.1,242.0,237.55,241.45,241.0,240.54,53772,1.29345488e+12,1172,35757,0.665,241.0,1.0
2016-08-19,COFFEEDAY,EQ,241.0,241.0,245.45,240.0,241.6,240.75,242.27,63852,1.54692596e+12,1693,30407,0.4762,240.75,1.0
2016-08-22,COFFEEDAY,EQ,240.75,239.55,242.1,235.85,237.3,237.05,237.69,93152,2.21412395e+12,1227,68252,0.7327,237.05,1.0
2016-08-23,COFFEEDAY,EQ,237.05,237.9,248.7,234.3,246.5,246.75,244.79,159567,3.906049445e+12,3339,79683,0.4994,246.75,1.0
2016-08-24,COFFEEDAY,EQ,246.75,243.5,257.8,243.5,252.5,252.4,252.66,284058,7.17714713e+12,5231,133220,0.469,252.4,1.0
2016-08-25,COFFEEDAY,EQ,252.4,252.75,260.8,251.2,253.8,253.9,256.19,129933,3.328755725e+12,2916,66361,0.5107,253.9,1.0
2016-08-26,COFFEEDAY,EQ,253.9,254.5,254.95,248.1,248.8,250.15,251.99,61439,1.54818834e+12,1348,40124,0.6531,250.15,1.0
2016-08-29,COFFEEDAY,EQ,250.15,250.0,251.0,241.85,242.0,243.7,246.36,34135,8.40964075e+11,1097,26623,0.7799,243.7,1.0
2016-08-30,COFFEEDAY,EQ,243.7,242.6,247.05,242.6,245.1,244.5,244.78,47071,1.15219006e+12,1237,31148,0.6617,244.5,1.0
2016-08-31,COFFEEDAY,EQ,244.5,242.0,247.9,241.0,246.0,246.1,244.5,59673,1.458982995e+12,2191,37895,0.635,246.1,1.0
2016-09-01,COFFEEDAY,EQ,246.1,244.4,254.0,243.8,244.0,245.2,248.11,56826,1.40990585e+12,1918,25989,0.4573,245.2,1.0
2016-09-02,COFFEEDAY,EQ,245.2,246.0,247.2,242.1,243.25,243.05,244.54,27712,6.7766945e+11,693,19901,0.7181,243.05,1.0
2016-09-06,COFFEEDAY,EQ,243.05,243.2,245.0,240.1,240.8,240.65,241.4,50396,1.21657322e+12,1234,37912,0.7523,240.65,1.0
2016-09-07,COFFEEDAY,EQ,240.65,242.4,243.0,237.5,239.0,238.35,239.57,61722,1.478696225e+12,1557,49283,0.7985,238.35,1.0
2016-09-08,COFFEEDAY,EQ,238.35,237.0,242.8,237.0,241.6,240.4,240.32,74054,1.77967619e+12,1405,58217,0.7861,240.4,1.0
2016-09-09,COFFEEDAY,EQ,240.4,240.05,241.8,238.15,238.2,238.3,238.94,33104,7.9099351e+11,947,26524,0.8012,238.3,1.0
2016-09-12,COFFEEDAY,EQ,238.3,235.95,237.9,234.4,235.75,235.0,235.54,39723,9.35625665e+11,1125,31340,0.789,235.0,1.0
2016-09-14,COFFEEDAY,EQ,235.0,235.15,240.55,235.1,238.2,238.55,238.62,62460,1.49044631e+12,2675,40593,0.6499,238.55,1.0
2016-09-15,COFFEEDAY,EQ,238.55,236.6,241.0,236.6,237.5,238.45,239.03,43593,1.04202474e+12,2444,29184,0.6695,238.45,1.0
2016-09-16,COFFEEDAY,EQ,238.45,238.45,239.95,235.0,235.05,235.95,237.94,66161,1.57426747e+12,1666,45042,0.6808,235.95,1.0
2016-09-19,COFFEEDAY,EQ,235.95,237.0,237.0,234.0,234.1,234.2,235.14,39700,9.33498755e+11,1299,30086,0.7578,234.2,1.0
2016-09-20,COFFEEDAY,EQ,234.2,234.0,236.9,231.5,232.0,232.7,232.94,50831,1.18408035e+12,1229,39311,0.7734,232.7,1.0
2016-09-21,COFFEEDAY,EQ,232.7,233.8,234.9,231.5,231.55,231.55,232.18,57616,1.337718075e+12,2440,40115,0.6962,231.55,1.0
2016-09-22,COFFEEDAY,EQ,231.55,232.5,234.5,230.5,231.7,231.5,231.81,45102,1.045507415e+12,2439,32743,0.726,231.5,1.0
2016-09-23,COFFEEDAY,EQ,231.5,233.5,233.5,228.2,229.0,228.95,230.47,65235,1.503492655e+12,3320,48412,0.7421,228.95,1.0
2016-09-26,COFFEEDAY,EQ,228.95,229.5,230.0,224.9,225.0,225.35,227.73,146790,3.34287993e+12,2997,127410,0.868,225.35,1.0
2016-09-27,COFFEEDAY,EQ,225.35,226.95,228.0,224.0,225.0,224.8,225.93,53709,1.21346672e+12,1969,42224,0.7862,224.8,1.0
2016-09-28,COFFEEDAY,EQ,224.8,226.7,228.0,224.1,225.0,225.0,225.21,181330,4.083770885e+12,4114,163345,0.9008,225.0,1.0
2016-09-29,COFFEEDAY,EQ,225.0,226.05,227.15,219.0,222.1,222.3,224.34,407815,9.148960825e+12,2517,385804,0.946,222.3,1.0
2016-09-30,COFFEEDAY,EQ,222.3,222.0,226.0,215.6,225.45,225.1,224.53,176186,3.95591911e+12,2745,144218,0.8186,225.1,1.0
2016-10-03,COFFEEDAY,EQ,225.1,226.2,230.0,226.0,229.4,228.45,228.37,56662,1.29396353e+12,1409,31680,0.5591,228.45,1.0
2016-10-04,COFFEEDAY,EQ,228.45,229.3,229.5,225.75,226.1,226.7,227.7,22556,5.13599795e+11,593,13089,0.5803,226.7,1.0
2016-10-05,COFFEEDAY,EQ,226.7,227.8,234.6,225.0,232.5,232.15,230.6,108329,2.49806345e+12,2319,47494,0.4384,232.15,1.0
2016-10-06,COFFEEDAY,EQ,232.15,233.0,234.7,228.1,229.5,229.15,231.27,48731,1.127005675e+12,3487,28598,0.5869,229.15,1.0
2016-10-07,COFFEEDAY,EQ,229.15,229.5,230.0,225.0,226.5,225.75,227.4,73812,1.67850044e+12,925,62257,0.8435,225.75,1.0
2016-10-10,COFFEEDAY,EQ,225.75,226.05,227.5,221.5,225.3,225.1,225.91,22966,5.18823145e+11,771,16735,0.7287,225.1,1.0
2016-10-13,COFFEEDAY,EQ,225.1,227.3,227.3,224.2,225.95,225.5,225.5,27698,6.24588385e+11,950,23084,0.8334,225.5,1.0
2016-10-14,COFFEEDAY,EQ,225.5,224.55,232.65,224.55,226.9,227.35,227.66,57600,1.311325005e+12,1893,31084,0.5397,227.35,1.0
2016-10-17,COFFEEDAY,EQ,227.35,225.5,231.4,225.2,225.55,225.7,227.66,50885,1.158440425e+12,1725,28055,0.5513,225.7,1.0
2016-10-18,COFFEEDAY,EQ,225.7,225.95,228.3,225.5,226.2,226.75,227.34,152189,3.459856465e+12,1029,139680,0.9178,226.75,1.0
2016-10-19,COFFEEDAY,EQ,226.75,227.3,231.2,227.0,229.5,228.85,229.08,103904,2.380244385e+12,1801,81096,0.7805,228.85,1.0
2016-10-20,COFFEEDAY,EQ,228.85,229.1,231.75,227.0,227.75,227.45,228.56,580266,1.32624019e+13,2776,561490,0.9676,227.45,1.0
2016-10-21,COFFEEDAY,EQ,227.45,227.25,230.5,226.55,227.0,227.55,228.31,620928,1.417655677e+13,1427,595738,0.9594,227.55,1.0
2016-10-24,COFFEEDAY,EQ,227.55,227.15,228.3,224.4,224.5,224.8,225.43,69755,1.57248037e+12,1712,60430,0.8663,224.8,1.0
2016-10-25,COFFEEDAY,EQ,224.8,224.0,225.9,223.4,224.9,224.3,224.07,260777,5.843162565e+12,995,233808,0.8966,224.3,1.0
2016-10-26,COFFEEDAY,EQ,224.3,223.0,224.9,222.5,223.3,223.0,223.25,145686,3.252393295e+12,962,131374,0.9018,223.0,1.0
2016-10-27,COFFEEDAY,EQ,223.0,222.5,223.85,220.7,221.7,221.9,221.52,79924,1.77051475e+12,785,70069,0.8767,221.9,1.0
2016-10-28,COFFEEDAY,EQ,221.9,221.2,225.4,220.0,221.35,222.05,222.71,44014,9.80214075e+11,1095,24208,0.55,222.05,1.0
2016-10-30,COFFEEDAY,EQ,222.05,227.0,227.0,222.0,223.2,223.75,223.44,13941,3.11498595e+11,441,10644,0.7635,223.75,1.0
2016-11-01,COFFEEDAY,EQ,223.75,225.5,225.5,221.5,224.8,224.25,223.45,72294,1.615445245e+12,5125,54414,0.7527,224.25,1.0
2016-11-02,COFFEEDAY,EQ,224.25,223.75,229.25,221.05,221.2,221.7,223.8,73222,1.63874359e+12,4248,47690,0.6513,221.7,1.0
2016-11-03,COFFEEDAY,EQ,221.7,220.1,223.5,220.1,221.5,221.95,221.58,47841,1.06008137e+12,5490,37971,0.7937,221.95,1.0
2016-11-04,COFFEEDAY,EQ,221.95,222.0,222.95,215.0,218.0,218.1,219.33,93286,2.04608718e+12,5749,82125,0.8804,218.1,1.0
2016-11-07,COFFEEDAY,EQ,218.1,220.15,222.1,218.0,218.0,218.05,218.89,36728,8.03948385e+11,3192,25925,0.7059,218.05,1.0
2016-11-08,COFFEEDAY,EQ,218.05,218.45,225.0,217.65,224.15,223.8,221.35,79488,1.759469135e+12,6316,58132,0.7313,223.8,1.0
2016-11-09,COFFEEDAY,EQ,223.8,206.1,218.5,205.0,216.25,214.85,210.33,82766,1.740803985e+12,1949,47728,0.5767,214.85,1.0
2016-11-10,COFFEEDAY,EQ,214.85,222.0,223.15,216.55,223.0,220.8,219.37,51304,1.125473825e+12,5566,32969,0.6426,220.8,1.0
2016-11-11,COFFEEDAY,EQ,220.8,220.8,220.8,216.4,217.25,217.95,217.94,38876,8.4727785e+11,995,28365,0.7296,217.95,1.0
2016-11-15,COFFEEDAY,EQ,217.95,221.4,222.0,208.8,209.7,209.55,212.92,94697,2.016257595e+12,1803,77770,0.8213,209.55,1.0
2016-11-16,COFFEEDAY,EQ,209.55,217.0,217.45,205.0,209.0,211.25,208.64,122021,2.54589309e+12,4089,89206,0.7311,211.25,1.0
2016-11-17,COFFEEDAY,EQ,211.25,215.7,215.7,206.75,211.0,208.7,208.2,37627,7.83378875e+11,3330,24722,0.657,208.7,1.0
2016-11-18,COFFEEDAY,EQ,208.7,208.85,210.05,205.3,208.4,207.85,207.46,53672,1.11349701e+12,5730,43768,0.8155,207.85,1.0
2016-11-21,COFFEEDAY,EQ,207.85,209.0,209.0,200.1,200.5,200.75,201.97,66770,1.34857785e+12,5852,48510,0.7265,200.75,1.0
2016-11-22,COFFEEDAY,EQ,200.75,201.15,205.3,198.4,200.1,200.3,200.21,52148,1.04406867e+12,5693,41223,0.7905,200.3,1.0
2016-11-23,COFFEEDAY,EQ,200.3,202.0,202.0,200.0,201.95,200.65,200.35,42146,8.4438165e+11,5267,35203,0.8353,200.65,1.0
2016-11-24,COFFEEDAY,EQ,200.65,201.0,202.5,199.8,201.0,200.25,200.14,115436,2.31032202e+12,1151,104746,0.9074,200.25,1.0
2016-11-25,COFFEEDAY,EQ,200.25,200.0,202.7,199.8,200.25,201.5,201.42,22424,4.51659585e+11,676,11191,0.4991,201.5,1.0
2016-11-28,COFFEEDAY,EQ,201.5,201.9,207.45,200.1,206.0,205.5,204.52,30420,6.2214831e+11,798,14945,0.4913,205.5,1.0
2016-11-29,COFFEEDAY,EQ,205.5,208.0,208.0,204.1,205.0,204.9,205.79,43818,9.0173738e+11,1774,33054,0.7543,204.9,1.0
2016-11-30,COFFEEDAY,EQ,204.9,206.15,210.0,205.15,208.2,209.85,208.64,67099,1.399971525e+12,2772,50556,0.7535,209.85,1.0
2016-12-01,COFFEEDAY,EQ,209.85,208.35,212.05,205.0,209.0,206.45,207.24,21817,4.52141685e+11,1009,15412,0.7064,206.45,1.0
2016-12-02,COFFEEDAY,EQ,206.45,204.75,208.85,204.5,205.0,205.5,206.44,14687,3.03199015e+11,672,10321,0.7027,205.5,1.0
2016-12-05,COFFEEDAY,EQ,205.5,207.3,211.5,200.1,203.0,203.0,204.58,58417,1.195067555e+12,3647,39833,0.6819,203.0,1.0
2016-12-06,COFFEEDAY,EQ,203.0,205.25,206.25,202.1,203.0,203.75,204.54,62525,1.278903625e+12,698,60161,0.9622,203.75,1.0
2016-12-07,COFFEEDAY,EQ,203.75,204.0,206.8,203.1,203.1,204.0,205.12,19803,4.0620832e+11,1044,13694,0.6915,204.0,1.0
2016-12-08,COFFEEDAY,EQ,204.0,205.6,206.5,204.0,204.0,204.45,205.03,14541,2.9813085e+11,1032,10129,0.6966,204.45,1.0
2016-12-09,COFFEEDAY,EQ,204.45,205.0,206.6,204.1,205.0,204.65,204.92,19183,3.93096675e+11,1743,14360,0.7486,204.65,1.0
2016-12-12,COFFEEDAY,EQ,204.65,205.0,207.8,199.5,199.65,200.1,201.78,78658,1.58718791e+12,1565,66917,0.8507,200.1,1.0
2016-12-13,COFFEEDAY,EQ,200.1,201.85,203.05,199.75,202.0,200.05,200.17,47904,9.5891106e+11,1265,42281,0.8826,200.05,1.0
2016-12-14,COFFEEDAY,EQ,200.05,200.75,203.0,198.9,200.0,199.8,199.84,42780,8.54912955e+11,742,34585,0.8084,199.8,1.0
2016-12-15,COFFEEDAY,EQ,199.8,199.85,202.5,196.65,197.65,197.35,197.56,97194,1.920162505e+12,2830,76326,0.7853,197.35,1.0
2016-12-16,COFFEEDAY,EQ,197.35,197.6,204.5,197.3,199.6,199.85,199.96,445739,8.91280675e+12,4125,429489,0.9635,199.85,1.0
2016-12-19,COFFEEDAY,EQ,199.85,195.0,199.0,195.0,197.0,197.1,197.66,25386,5.0178979e+11,718,21262,0.8375,197.1,1.0
2016-12-20,COFFEEDAY,EQ,197.1,198.0,199.7,196.0,196.0,196.15,197.22,37147,7.32602075e+11,620,31765,0.8551,196.15,1.0
2016-12-21,COFFEEDAY,EQ,196.15,197.6,209.65,195.1,195.15,196.0,202.05,691907,1.397999057e+13,10236,355690,0.5141,196.0,1.0
2016-12-22,COFFEEDAY,EQ,196.0,196.3,199.95,195.15,196.0,196.15,197.16,74433,1.46752886e+12,1372,41643,0.5595,196.15,1.0
2016-12-23,COFFEEDAY,EQ,196.15,197.3,199.45,195.0,197.35,197.3,197.18,81183,1.600769525e+12,2671,48803,0.6011,197.3,1.0
2016-12-26,COFFEEDAY,EQ,197.3,195.15,197.7,192.35,194.0,193.85,194.08,67532,1.3106293e+12,1487,51867,0.768,193.85,1.0
2016-12-27,COFFEEDAY,EQ,193.85,194.0,194.0,190.2,192.5,192.3,191.89,50213,9.6353611e+11,4557,40635,0.8093,192.3,1.0
2016-12-28,COFFEEDAY,EQ,192.3,190.5,197.9,190.5,194.5,195.6,195.71,41598,8.1410953e+11,2581,23592,0.5671,195.6,1.0
2016-12-29,COFFEEDAY,EQ,195.6,195.5,204.0,194.1,199.0,198.85,196.24,998424,1.959288574e+13,5904,855026,0.8564,198.85,1.0
2016-12-30,COFFEEDAY,EQ,198.85,197.9,203.0,197.4,198.3,198.25,199.49,737544,1.471300575e+13,2872,692178,0.9385,198.25,1.0
2017-01-02,COFFEEDAY,EQ,198.25,199.85,200.4,195.7,196.55,196.55,197.1,37416,7.3745682e+11,2777,23361,0.6244,196.55,1.0
2017-01-03,COFFEEDAY,EQ,196.55,197.75,201.9,196.55,198.55,198.95,199.35,92331,1.840662225e+12,2262,55664,0.6029,198.95,1.0
2017-01-04,COFFEEDAY,EQ,198.95,198.5,199.85,197.05,197.3,197.65,198.65,29674,5.89459945e+11,1035,20940,0.7057,197.65,1.0
2017-01-05,COFFEEDAY,EQ,197.65,199.5,199.6,198.1,198.6,198.85,198.91,37983,7.5550619e+11,730,30400,0.8004,198.85,1.0
2017-01-06,COFFEEDAY,EQ,198.85,199.9,199.9,196.5,196.55,196.75,198.09,37524,7.4331696e+11,1022,30502,0.8129,196.75,1.0
2017-01-09,COFFEEDAY,EQ,196.75,198.0,198.0,196.05,196.5,196.6,197.15,39406,7.7688738e+11,574,31964,0.8111,196.6,1.0
2017-01-10,COFFEEDAY,EQ,196.6,196.65,208.4,196.2,198.7,198.9,200.58,339498,6.80970147e+12,7079,224638,0.6617,198.9,1.0
2017-01-11,COFFEEDAY,EQ,198.9,202.0,202.0,198.55,199.0,199.1,199.42,125098,2.494642905e+12,2373,104506,0.8354,199.1,1.0
2017-01-12,COFFEEDAY,EQ,199.1,199.95,200.85,198.1,198.6,198.8,199.06,96718,1.92529976e+12,1263,75470,0.7803,198.8,1.0
2017-01-13,COFFEEDAY,EQ,198.8,198.6,200.5,197.55,197.55,197.95,199.13,82915,1.65108325e+12,1154,46981,0.5666,197.95,1.0
2017-01-16,COFFEEDAY,EQ,197.95,198.05,198.95,197.05,197.5,197.95,198.08,92983,1.841800865e+12,1045,74333,0.7994,197.95,1.0
2017-01-17,COFFEEDAY,EQ,197.95,197.05,199.9,197.05,198.4,198.6,198.27,111649,2.21363436e+12,1178,97897,0.8768,198.6,1.0
2017-01-18,COFFEEDAY,EQ,198.6,199.0,200.0,197.25,198.0,197.6,198.61,45451,9.0270186e+11,836,32975,0.7255,197.6,1.0
2017-01-19,COFFEEDAY,EQ,197.6,199.0,199.0,197.2,197.45,197.55,197.78,57084,1.12900259e+12,890,43934,0.7696,197.55,1.0
2017-01-20,COFFEEDAY,EQ,197.55,198.0,199.15,197.05,197.5,197.4,197.99,72181,1.42913205e+12,1630,53434,0.7403,197.4,1.0
2017-01-23,COFFEEDAY,EQ,197.4,197.45,198.65,197.05,197.5,197.6,197.86,34556,6.83732575e+11,940,27718,0.8021,197.6,1.0
2017-01-24,COFFEEDAY,EQ,197.6,197.25,198.45,197.1,197.5,197.35,197.5,40046,7.90907965e+11,1105,27816,0.6946,197.35,1.0
2017-01-25,COFFEEDAY,EQ,197.35,198.0,205.95,197.6,202.0,202.4,203.05,182882,3.71346982e+12,4455,109458,0.5985,202.4,1.0
2017-01-27,COFFEEDAY,EQ,202.4,202.0,204.2,199.5,199.85,200.3,202.76,354192,7.181756035e+12,2937,322190,0.9096,200.3,1.0
2017-01-30,COFFEEDAY,EQ,200.3,200.15,203.15,199.6,200.0,200.55,201.92,128854,2.60185659e+12,2594,84138,0.653,200.55,1.0
2017-01-31,COFFEEDAY,EQ,200.55,200.55,203.0,198.0,199.0,198.85,200.59,92979,1.86503423e+12,2345,66677,0.7171,198.85,1.0
2017-02-01,COFFEEDAY,EQ,198.85,198.15,200.6,198.15,199.85,199.35,199.53,57657,1.15040788e+12,1701,30928,0.5364,199.35,1.0
2017-02-02,COFFEEDAY,EQ,199.35,198.25,203.0,198.25,199.7,199.6,201.44,135205,2.72354788e+12,2054,104901,0.7759,199.6,1.0
2017-02-03,COFFEEDAY,EQ,199.6,200.3,202.45,199.1,200.0,199.85,200.05,221389,4.428798785e+12,1757,187836,0.8484,199.85,1.0
2017-02-06,COFFEEDAY,EQ,199.85,202.0,203.65,199.4,199.55,199.75,200.75,247205,4.96273917e+12,2397,222831,0.9014,199.75,1.0
2017-02-07,COFFEEDAY,EQ,199.75,202.0,202.8,198.5,199.65,199.05,200.37,241365,4.836347205e+12,2158,202063,0.8372,199.05,1.0
2017-02-08,COFFEEDAY,EQ,199.05,201.65,209.0,200.0,200.2,202.75,204.15,852303,1.740017415e+13,10158,373810,0.4386,202.75,1.0
2017-02-09,COFFEEDAY,EQ,202.75,207.0,227.0,203.8,224.0,224.6,217.42,2281606,4.9606105185e+13,30334,679742,0.2979,224.6,1.0
2017-02-10,COFFEEDAY,EQ,224.6,225.0,233.55,222.0,229.5,229.55,229.18,968827,2.2203747625e+13,13724,345384,0.3565,229.55,1.0
2017-02-13,COFFEEDAY,EQ,229.55,230.8,240.7,223.3,237.5,238.35,233.06,790130,1.841467759e+13,10518,401436,0.5081,238.35,1.0
2017-02-14,COFFEEDAY,EQ,238.35,237.0,243.5,231.6,235.2,234.3,238.54,421440,1.0053211315e+13,6778,191484,0.4544,234.3,1.0
2017-02-15,COFFEEDAY,EQ,234.3,234.9,244.5,227.7,236.5,235.5,234.69,662387,1.5545310025e+13,9196,358579,0.5413,235.5,1.0
2017-02-16,COFFEEDAY,EQ,235.5,235.0,241.9,232.5,239.0,238.75,238.02,262400,6.24554388e+12,4599,141978,0.5411,238.75,1.0
2017-02-17,COFFEEDAY,EQ,238.75,240.0,245.0,236.0,240.8,241.2,242.13,303025,7.337012135e+12,4757,139708,0.461,241.2,1.0
2017-02-20,COFFEEDAY,EQ,241.2,242.75,244.8,238.0,242.0,241.95,241.97,239587,5.79726978e+12,2668,184141,0.7686,241.95,1.0
2017-02-21,COFFEEDAY,EQ,241.95,243.1,243.1,235.1,236.1,236.65,238.74,90064,2.150173095e+12,1928,50195,0.5573,236.65,1.0
2017-02-22,COFFEEDAY,EQ,236.65,236.7,238.9,229.05,230.5,230.95,233.2,117191,2.73286497e+12,2418,72500,0.6186,230.95,1.0
2017-02-23,COFFEEDAY,EQ,230.95,235.5,237.4,230.15,232.2,231.55,233.43,101365,2.36611534e+12,1818,47541,0.469,231.55,1.0
2017-02-27,COFFEEDAY,EQ,231.55,234.95,237.95,231.95,235.95,235.25,234.47,184086,4.316343295e+12,1591,144724,0.7862,235.25,1.0
2017-02-28,COFFEEDAY,EQ,235.25,233.6,237.95,233.6,235.65,235.95,235.86,68278,1.610431755e+12,1404,25253,0.3699,235.95,1.0
2017-03-01,COFFEEDAY,EQ,235.95,233.65,237.5,233.65,234.0,234.1,234.39,59765,1.400853705e+12,781,43257,0.7238,234.1,1.0
2017-03-02,COFFEEDAY,EQ,234.1,235.55,244.5,233.85,234.1,234.35,240.19,222759,5.350439035e+12,3653,78373,0.3518,234.35,1.0
2017-03-03,COFFEEDAY,EQ,234.35,233.95,238.95,232.35,233.05,234.3,235.46,66969,1.576824595e+12,1891,32456,0.4846,234.3,1.0
2017-03-06,COFFEEDAY,EQ,234.3,234.55,237.2,234.0,234.2,234.25,235.2,39364,9.25858525e+11,714,22734,0.5775,234.25,1.0
2017-03-07,COFFEEDAY,EQ,234.25,233.3,236.2,233.3,233.5,234.0,234.45,113872,2.6697003e+12,1028,91799,0.8062,234.0,1.0
2017-03-08,COFFEEDAY,EQ,234.0,233.25,234.8,227.0,230.3,231.8,230.53,133635,3.08073018e+12,1456,104348,0.7808,231.8,1.0
2017-03-09,COFFEEDAY,EQ,231.8,232.05,234.4,230.0,234.0,232.55,232.69,62570,1.455953325e+12,2052,37902,0.6058,232.55,1.0
2017-03-10,COFFEEDAY,EQ,232.55,234.15,235.6,233.0,233.6,233.7,234.29,128601,3.01303695e+12,1470,104589,0.8133,233.7,1.0
2017-03-14,COFFEEDAY,EQ,233.7,239.0,240.0,232.6,234.0,233.6,234.03,92857,2.17310258e+12,1784,71866,0.7739,233.6,1.0
2017-03-15,COFFEEDAY,EQ,233.6,234.0,235.2,230.3,231.05,231.9,232.54,56388,1.31123687e+12,1059,45053,0.799,231.9,1.0
2017-03-16,COFFEEDAY,EQ,231.9,232.85,234.65,232.85,233.25,233.4,233.79,60900,1.42377412e+12,788,50479,0.8289,233.4,1.0
2017-03-17,COFFEEDAY,EQ,233.4,235.5,235.5,230.95,234.0,233.65,233.2,117990,2.751555665e+12,1608,95744,0.8115,233.65,1.0
2017-03-20,COFFEEDAY,EQ,233.65,235.0,235.0,232.1,233.4,233.6,233.64,46998,1.09806469e+12,763,28995,0.6169,233.6,1.0
2017-03-21,COFFEEDAY,EQ,233.6,232.15,234.15,230.1,231.6,232.3,231.78,42876,9.9377335e+11,1190,31408,0.7325,232.3,1.0
2017-03-22,COFFEEDAY,EQ,232.3,230.15,235.0,230.0,233.0,233.1,233.43,63223,1.47583226e+12,1098,44863,0.7096,233.1,1.0
2017-03-23,COFFEEDAY,EQ,233.1,232.05,249.45,232.05,239.55,241.6,241.34,561639,1.3554610295e+13,7155,285556,0.5084,241.6,1.0
2017-03-24,COFFEEDAY,EQ,241.6,239.9,240.75,236.15,236.4,236.75,238.11,78505,1.869303295e+12,1770,49072,0.6251,236.75,1.0
2017-03-27,COFFEEDAY,EQ,236.75,236.0,238.05,233.0,233.0,234.0,235.16,60571,1.424375995e+12,1267,46603,0.7694,234.0,1.0
2017-03-28,COFFEEDAY,EQ,234.0,235.85,235.9,233.5,234.0,234.1,234.36,69409,1.62666602e+12,865,55982,0.8066,234.1,1.0
2017-03-29,COFFEEDAY,EQ,234.1,233.95,236.45,230.5,230.8,231.7,234.03,178345,4.173743025e+12,2581,156282,0.8763,231.7,1.0
2017-03-30,COFFEEDAY,EQ,231.7,232.8,234.8,232.1,232.5,232.6,233.21,96779,2.25695541e+12,2174,53832,0.5562,232.6,1.0
2017-03-31,COFFEEDAY,EQ,232.6,233.0,233.85,230.15,232.6,232.4,232.48,71351,1.65875996e+12,1551,53692,0.7525,232.4,1.0
2017-04-03,COFFEEDAY,EQ,232.4,231.05,234.65,231.05,232.1,232.4,233.02,75609,1.76183337e+12,1159,55614,0.7355,232.4,1.0
2017-04-05,COFFEEDAY,EQ,232.4,231.95,237.95,231.2,232.0,232.95,233.81,403451,9.433158975e+12,2815,352086,0.8727,232.95,1.0
2017-04-06,COFFEEDAY,EQ,232.95,233.9,235.9,231.6,233.6,233.6,233.31,215749,5.03354153e+12,3172,167637,0.777,233.6,1.0
2017-04-07,COFFEEDAY,EQ,233.6,230.65,235.0,230.65,232.0,231.75,232.78,159148,3.704587975e+12,3971,137446,0.8636,231.75,1.0
2017-04-10,COFFEEDAY,EQ,231.75,233.5,234.7,232.0,233.95,233.4,233.39,55188,1.288012865e+12,1828,39672,0.7189,233.4,1.0
2017-04-11,COFFEEDAY,EQ,233.4,232.5,234.6,231.75,233.4,233.4,233.08,72417,1.68791695e+12,1986,48618,0.6714,233.4,1.0
2017-04-12,COFFEEDAY,EQ,233.4,234.5,234.55,229.3,231.5,231.25,232.63,135191,3.1448892e+12,3007,70504,0.5215,231.25,1.0
2017-04-13,COFFEEDAY,EQ,231.25,230.2,236.5,230.2,234.0,232.7,234.11,267584,6.264338735e+12,5492,174887,0.6536,232.7,1.0
2017-04-17,COFFEEDAY,EQ,232.7,234.7,241.35,232.1,234.0,234.25,235.39,397685,9.36128832e+12,5784,262215,0.6594,234.25,1.0
2017-04-18,COFFEEDAY,EQ,234.25,233.15,253.8,233.15,249.8,247.55,246.92,913041,2.254462181e+13,12739,408422,0.4473,247.55,1.0
2017-04-19,COFFEEDAY,EQ,247.55,252.45,258.7,248.0,250.25,251.15,253.07,479328,1.2130242285e+13,8898,198225,0.4135,251.15,1.0
2017-04-20,COFFEEDAY,EQ,251.15,250.5,255.8,246.45,251.0,248.95,252.26,309068,7.796660575e+12,3908,147593,0.4775,248.95,1.0
2017-04-21,COFFEEDAY,EQ,248.95,249.8,253.0,246.85,247.95,247.95,249.55,62701,1.56468224e+12,1588,37295,0.5948,247.95,1.0
2017-04-24,COFFEEDAY,EQ,247.95,249.85,256.8,249.8,253.8,253.7,253.82,177440,4.50371377e+12,3620,103786,0.5849,253.7,1.0
2017-04-25,COFFEEDAY,EQ,253.7,256.0,256.0,247.0,249.3,248.35,249.47,81939,2.044097895e+12,1858,51373,0.627,248.35,1.0
2017-04-26,COFFEEDAY,EQ,248.35,250.3,251.0,246.0,250.0,249.9,248.52,125458,3.11793483e+12,2041,99942,0.7966,249.9,1.0
2017-04-27,COFFEEDAY,EQ,249.9,250.0,251.2,247.5,247.95,248.35,248.54,43191,1.07346196e+12,522,36764,0.8512,248.35,1.0
2017-04-28,COFFEEDAY,EQ,248.35,248.1,251.9,246.05,250.0,250.15,250.08,71202,1.780606345e+12,1603,49859,0.7002,250.15,1.0
2017-05-02,COFFEEDAY,EQ,250.15,249.0,253.6,247.1,251.0,251.2,250.43,78956,1.977292365e+12,1582,54102,0.6852,251.2,1.0
2017-05-03,COFFEEDAY,EQ,251.2,252.0,261.0,251.05,255.5,255.8,257.78,206072,5.31208153e+12,3663,108673,0.5274,255.8,1.0
2017-05-04,COFFEEDAY,EQ,255.8,258.9,258.9,251.05,252.9,252.1,254.76,45758,1.16572965e+12,961,29405,0.6426,252.1,1.0
2017-05-05,COFFEEDAY,EQ,252.1,254.45,255.9,249.0,250.25,250.05,250.15,67534,1.68933937e+12,811,47403,0.7019,250.05,1.0
2017-05-08,COFFEEDAY,EQ,250.05,251.75,253.0,249.8,250.0,250.2,250.53,36337,9.10352705e+11,701,21995,0.6053,250.2,1.0
2017-05-09,COFFEEDAY,EQ,250.2,250.2,254.25,249.05,253.0,252.8,250.85,78531,1.9699451e+12,2194,57497,0.7322,252.8,1.0
2017-05-10,COFFEEDAY,EQ,252.8,252.65,254.4,250.25,250.25,251.8,252.34,35376,8.9269359e+11,811,24007,0.6786,251.8,1.0
2017-05-11,COFFEEDAY,EQ,251.8,247.0,269.5,247.0,261.1,261.95,264.25,493498,1.3040477185e+13,7527,187608,0.3802,261.95,1.0
2017-05-12,COFFEEDAY,EQ,261.95,261.95,264.4,255.2,255.35,257.1,259.02,87182,2.258148325e+12,2321,59629,0.684,257.1,1.0
2017-05-15,COFFEEDAY,EQ,257.1,259.0,266.25,258.4,263.35,262.45,263.14,161883,4.259728375e+12,4169,113861,0.7034,262.45,1.0
2017-05-16,COFFEEDAY,EQ,262.45,261.5,277.0,259.3,272.75,273.3,272.41,983047,2.677872352e+13,14287,386752,0.3934,273.3,1.0
2017-05-17,COFFEEDAY,EQ,273.3,274.75,274.75,266.25,268.0,268.05,269.21,144336,3.88565799e+12,5547,79057,0.5477,268.05,1.0
2017-05-18,COFFEEDAY,EQ,268.05,264.5,275.5,262.8,270.0,266.5,269.91,313100,8.450858245e+12,7770,148497,0.4743,266.5,1.0
2017-05-19,COFFEEDAY,EQ,266.5,272.5,276.0,261.0,261.0,262.2,267.02,309507,8.26461017e+12,7344,132093,0.4268,262.2,1.0
2017-05-22,COFFEEDAY,EQ,262.2,263.55,268.0,252.55,253.0,253.65,256.72,83990,2.15621188e+12,3346,60638,0.722,253.65,1.0
2017-05-23,COFFEEDAY,EQ,253.65,250.35,257.0,245.65,251.0,250.6,250.18,93380,2.33614108e+12,1374,68527,0.7339,250.6,1.0
2017-05-24,COFFEEDAY,EQ,250.6,251.0,254.4,248.05,251.0,249.55,250.06,55715,1.39321322e+12,1089,38055,0.683,249.55,1.0
2017-05-25,COFFEEDAY,EQ,249.55,249.5,254.45,245.6,253.0,253.6,251.17,52734,1.32451374e+12,1116,33091,0.6275,253.6,1.0
2017-05-26,COFFEEDAY,EQ,253.6,253.5,257.05,251.25,252.2,252.45,253.52,50985,1.292592195e+12,1383,27645,0.5422,252.45,1.0
2017-05-29,COFFEEDAY,EQ,252.45,253.2,253.7,242.9,249.0,248.45,248.38,42938,1.06649787e+12,878,31567,0.7352,248.45,1.0
2017-05-30,COFFEEDAY,EQ,248.45,249.25,253.0,245.1,250.05,249.3,249.4,39707,9.90297505e+11,1008,24412,0.6148,249.3,1.0
2017-05-31,COFFEEDAY,EQ,249.3,248.95,256.95,242.55,248.5,246.5,247.41,421777,1.0435365045e+13,8661,365130,0.8657,246.5,1.0
2017-06-01,COFFEEDAY,EQ,246.5,246.25,253.2,246.25,247.8,247.7,248.99,27937,6.95615375e+11,988,12144,0.4347,247.7,1.0
2017-06-02,COFFEEDAY,EQ,247.7,247.3,253.0,246.55,249.2,249.4,250.58,30164,7.5583453e+11,934,16221,0.5378,249.4,1.0
2017-06-05,COFFEEDAY,EQ,249.4,248.0,251.0,247.1,247.25,247.55,248.21,18301,4.54257345e+11,578,12201,0.6667,247.55,1.0
2017-06-06,COFFEEDAY,EQ,247.55,248.05,257.0,247.3,247.65,248.3,251.78,82066,2.066261895e+12,1934,24228,0.2952,248.3,1.0
2017-06-07,COFFEEDAY,EQ,248.3,249.75,256.5,245.1,246.45,246.1,248.96,101445,2.525599405e+12,3062,67464,0.665,246.1,1.0
2017-06-08,COFFEEDAY,EQ,246.1,247.8,252.8,246.8,249.5,248.85,249.74,50962,1.272746305e+12,1432,27024,0.5303,248.85,1.0
2017-06-09,COFFEEDAY,EQ,248.85,247.3,250.55,247.05,248.3,247.95,248.86,18993,4.72653525e+11,782,11089,0.5838,247.95,1.0
2017-06-12,COFFEEDAY,EQ,247.95,247.0,252.4,246.25,247.6,248.55,249.48,26782,6.68157485e+11,1002,13164,0.4915,248.55,1.0
2017-06-13,COFFEEDAY,EQ,248.55,250.95,250.95,245.7,245.7,246.35,247.28,22824,5.6439582e+11,756,14667,0.6426,246.35,1.0
2017-06-14,COFFEEDAY,EQ,246.35,247.65,249.4,245.15,245.7,245.95,246.83,31620,7.80488185e+11,1118,16080,0.5085,245.95,1.0
2017-06-15,COFFEEDAY,EQ,245.95,246.95,248.6,243.25,244.35,244.65,245.64,42780,1.050827315e+12,1041,29694,0.6941,244.65,1.0
2017-06-16,COFFEEDAY,EQ,244.65,246.55,247.5,243.1,246.5,245.85,245.59,41471,1.01848272e+12,771,30573,0.7372,245.85,1.0
2017-06-19,COFFEEDAY,EQ,245.85,245.2,257.8,243.2,252.9,252.35,251.05,156274,3.923320695e+12,2928,63128,0.404,252.35,1.0
2017-06-20,COFFEEDAY,EQ,252.35,255.0,255.9,250.35,250.85,251.5,252.54,56765,1.433528325e+12,4090,33122,0.5835,251.5,1.0
2017-06-21,COFFEEDAY,EQ,251.5,252.35,252.4,247.5,249.5,249.9,250.16,30189,7.55220985e+11,866,16620,0.5505,249.9,1.0
2017-06-22,COFFEEDAY,EQ,249.9,251.0,251.35,247.0,247.0,248.65,249.1,47716,1.18862317e+12,1541,36827,0.7718,248.65,1.0
2017-06-23,COFFEEDAY,EQ,248.65,250.0,254.05,244.0,246.85,246.1,246.96,97639,2.41133014e+12,2603,68824,0.7049,246.1,1.0
2017-06-27,COFFEEDAY,EQ,246.1,246.5,246.5,240.1,242.0,240.95,241.97,43878,1.06169486e+12,793,29651,0.6758,240.95,1.0
2017-06-28,COFFEEDAY,EQ,240.95,242.0,244.0,240.95,242.0,242.1,242.16,14875,3.6020826e+11,655,10377,0.6976,242.1,1.0
2017-06-29,COFFEEDAY,EQ,242.1,244.4,252.75,240.15,245.0,245.05,247.37,63755,1.577110455e+12,3414,32529,0.5102,245.05,1.0
2017-06-30,COFFEEDAY,EQ,245.05,244.9,250.1,242.55,247.9,246.7,246.7,47658,1.175734035e+12,2405,26336,0.5526,246.7,1.0
2017-07-03,COFFEEDAY,EQ,246.7,249.7,260.0,247.55,253.0,253.25,255.61,274269,7.01070055e+12,4481,64462,0.235,253.25,1.0
2017-07-04,COFFEEDAY,EQ,253.25,252.6,255.0,246.0,248.6,248.55,250.24,51923,1.29930398e+12,2064,30204,0.5817,248.55,1.0
2017-07-05,COFFEEDAY,EQ,248.55,248.6,250.5,247.0,247.3,248.2,249.01,39621,9.86601725e+11,1696,26017,0.6566,248.2,1.0
2017-07-06,COFFEEDAY,EQ,248.2,250.35,250.6,247.0,248.0,247.4,247.73,53104,1.315550295e+12,804,41842,0.7879,247.4,1.0
2017-07-07,COFFEEDAY,EQ,247.4,248.0,249.0,244.5,245.9,245.75,246.68,68584,1.691802275e+12,2067,48034,0.7004,245.75,1.0
2017-07-10,COFFEEDAY,EQ,245.75,245.3,248.9,243.6,245.6,247.0,246.66,19474,4.8035162e+11,505,12042,0.6184,247.0,1.0
2017-07-11,COFFEEDAY,EQ,247.0,247.0,249.0,244.0,244.5,244.35,245.37,50488,1.238816075e+12,1106,30215,0.5985,244.35,1.0
2017-07-12,COFFEEDAY,EQ,244.35,246.75,247.2,243.2,244.4,243.8,245.22,46360,1.136839965e+12,909,26558,0.5729,243.8,1.0
2017-07-13,COFFEEDAY,EQ,243.8,245.8,250.95,243.55,248.5,247.45,247.46,148930,3.685383195e+12,2213,67340,0.4522,247.45,1.0
2017-07-14,COFFEEDAY,EQ,247.45,249.35,249.6,243.5,245.2,245.3,245.57,55164,1.354642275e+12,705,39342,0.7132,245.3,1.0
2017-07-17,COFFEEDAY,EQ,245.3,243.5,248.5,243.5,245.5,245.45,245.55,58002,1.424263195e+12,987,42273,0.7288,245.45,1.0
2017-07-18,COFFEEDAY,EQ,245.45,245.45,252.9,243.0,246.0,246.5,249.35,126462,3.15336096e+12,2423,55566,0.4394,246.5,1.0
2017-07-19,COFFEEDAY,EQ,246.5,247.8,251.0,245.15,249.2,249.0,249.0,62634,1.559588705e+12,1064,38595,0.6162,249.0,1.0
2017-07-20,COFFEEDAY,EQ,249.0,250.0,250.0,245.15,246.0,245.95,247.19,31010,7.66529405e+11,767,16484,0.5316,245.95,1.0
2017-07-21,COFFEEDAY,EQ,245.95,246.15,250.5,244.5,245.3,245.2,246.83,71041,1.753540325e+12,2534,37249,0.5243,245.2,1.0
2017-07-24,COFFEEDAY,EQ,245.2,244.15,250.0,244.15,248.5,249.1,248.94,62203,1.548457515e+12,890,42897,0.6896,249.1,1.0
2017-07-25,COFFEEDAY,EQ,249.1,251.85,251.85,245.5,245.5,246.6,248.21,86228,2.140224165e+12,1269,50742,0.5885,246.6,1.0
2017-07-26,COFFEEDAY,EQ,246.6,246.0,251.0,245.0,245.1,245.45,247.54,46574,1.15289637e+12,1073,20796,0.4465,245.45,1.0
2017-07-27,COFFEEDAY,EQ,245.45,247.3,248.5,244.4,245.05,245.15,245.51,32092,7.8789572e+11,692,18626,0.5804,245.15,1.0
2017-07-28,COFFEEDAY,EQ,245.15,244.85,248.5,244.3,245.0,245.15,245.44,40182,9.86239605e+11,705,27920,0.6948,245.15,1.0
2017-07-31,COFFEEDAY,EQ,245.15,242.2,246.7,242.2,244.55,245.0,244.86,38517,9.4313725e+11,443,32478,0.8432,245.0,1.0
2017-08-01,COFFEEDAY,EQ,245.0,245.0,247.9,244.15,246.0,246.2,246.2,35116,8.6455052e+11,600,25774,0.734,246.2,1.0
2017-08-02,COFFEEDAY,EQ,246.2,246.45,251.0,246.45,248.2,249.1,249.07,74129,1.84631603e+12,1057,41191,0.5557,249.1,1.0
2017-08-03,COFFEEDAY,EQ,249.1,246.15,249.35,240.1,243.7,242.3,244.68,86220,2.10966901e+12,960,68187,0.7908,242.3,1.0
2017-08-04,COFFEEDAY,EQ,242.3,242.4,246.45,242.3,245.05,245.05,244.64,74399,1.820069925e+12,572,59252,0.7964,245.05,1.0
2017-08-07,COFFEEDAY,EQ,245.05,246.0,251.4,246.0,247.75,247.75,248.69,35294,8.77729575e+11,774,21297,0.6034,247.75,1.0
2017-08-08,COFFEEDAY,EQ,247.75,247.05,248.0,241.5,243.9,242.7,244.25,43012,1.050583205e+12,753,32784,0.7622,242.7,1.0
2017-08-09,COFFEEDAY,EQ,242.7,242.0,246.8,241.1,242.0,242.1,242.31,375433,9.097144985e+12,1091,353896,0.9426,242.1,1.0
2017-08-10,COFFEEDAY,EQ,242.1,242.0,246.4,235.55,235.6,237.55,240.63,178143,4.28667743e+12,1375,150299,0.8437,237.55,1.0
2017-08-11,COFFEEDAY,EQ,237.55,236.3,240.2,230.85,239.0,237.4,235.02,140803,3.309135595e+12,2760,88562,0.629,237.4,1.0
2017-08-14,COFFEEDAY,EQ,237.4,242.7,243.0,237.2,239.4,238.4,239.03,65055,1.555001925e+12,1295,47290,0.7269,238.4,1.0
2017-08-16,COFFEEDAY,EQ,238.4,234.25,245.95,234.25,242.05,243.1,243.09,88372,2.14821612e+12,1845,64511,0.73,243.1,1.0
2017-08-17,COFFEEDAY,EQ,243.1,244.9,248.9,236.5,242.4,242.65,243.36,178139,4.33513369e+12,3412,109136,0.6126,242.65,1.0
2017-08-18,COFFEEDAY,EQ,242.65,240.1,243.7,238.8,242.25,242.3,241.97,72007,1.74238644e+12,1351,57682,0.8011,242.3,1.0
2017-08-21,COFFEEDAY,EQ,242.3,240.8,245.0,239.0,241.8,241.15,242.48,34200,8.2926635e+11,941,24064,0.7036,241.15,1.0
2017-08-22,COFFEEDAY,EQ,241.15,241.75,246.45,240.35,240.35,242.0,244.25,56396,1.377476415e+12,1401,34589,0.6133,242.0,1.0
2017-08-23,COFFEEDAY,EQ,242.0,243.0,245.0,239.1,242.1,242.15,241.88,47178,1.14112048e+12,1526,27518,0.5833,242.15,1.0
2017-08-24,COFFEEDAY,EQ,242.15,241.0,244.95,239.55,240.2,240.55,241.45,25534,6.16530405e+11,702,16246,0.6362,240.55,1.0
2017-08-28,COFFEEDAY,EQ,240.55,240.75,247.4,239.4,243.1,244.1,243.11,48465,1.1782142e+12,1268,26981,0.5567,244.1,1.0
2017-08-29,COFFEEDAY,EQ,244.1,243.25,243.95,238.05,238.3,239.2,240.69,28861,6.9465793e+11,747,15912,0.5513,239.2,1.0
2017-08-30,COFFEEDAY,EQ,239.2,241.05,241.7,238.6,238.9,239.25,240.31,14243,3.4226825e+11,472,9514,0.668,239.25,1.0
2017-08-31,COFFEEDAY,EQ,239.25,237.7,241.85,237.3,238.55,238.7,239.1,31091,7.43380785e+11,653,20648,0.6641,238.7,1.0
2017-09-01,COFFEEDAY,EQ,238.7,238.55,243.0,238.25,242.0,241.25,240.72,47584,1.145457845e+12,1298,32875,0.6909,241.25,1.0
2017-09-04,COFFEEDAY,EQ,241.25,238.15,243.0,238.0,238.05,238.3,240.58,50282,1.20970276e+12,646,40901,0.8134,238.3,1.0
2017-09-05,COFFEEDAY,EQ,238.3,239.95,253.8,238.3,249.55,249.2,247.48,280478,6.94129143e+12,3708,90865,0.324,249.2,1.0
2017-09-06,COFFEEDAY,EQ,249.2,248.0,248.05,241.1,244.3,245.9,245.83,68527,1.68458506e+12,992,36594,0.534,245.9,1.0
2017-09-07,COFFEEDAY,EQ,245.9,246.0,247.95,241.6,242.75,242.2,243.7,33460,8.1543518e+11,788,25531,0.763,242.2,1.0
2017-09-08,COFFEEDAY,EQ,242.2,242.1,245.2,241.1,241.9,241.6,243.45,32194,7.8375568e+11,784,12765,0.3965,241.6,1.0
2017-09-11,COFFEEDAY,EQ,241.6,241.8,251.2,241.8,246.0,246.55,247.16,65634,1.622190175e+12,1774,35539,0.5415,246.55,1.0
2017-09-12,COFFEEDAY,EQ,246.55,245.15,251.05,243.2,243.8,244.25,246.95,80433,1.986289235e+12,1885,45571,0.5666,244.25,1.0
2017-09-13,COFFEEDAY,EQ,244.25,245.55,255.25,244.3,247.7,247.95,249.45,287928,7.182403745e+12,3148,214439,0.7448,247.95,1.0
2017-09-14,COFFEEDAY,EQ,247.95,249.4,252.8,242.6,243.1,243.85,246.67,88311,2.178394855e+12,2285,48478,0.5489,243.85,1.0
2017-09-15,COFFEEDAY,EQ,243.85,242.9,245.5,241.0,241.0,241.6,242.57,39118,9.48878185e+11,1018,25701,0.657,241.6,1.0
2017-09-18,COFFEEDAY,EQ,241.6,242.5,247.4,242.5,243.5,244.65,244.24,295496,7.217239265e+12,3124,239485,0.8105,244.65,1.0
2017-09-19,COFFEEDAY,EQ,244.65,243.55,245.4,241.6,242.0,242.2,242.97,35810,8.70074405e+11,1107,21438,0.5987,242.2,1.0
2017-09-20,COFFEEDAY,EQ,242.2,244.0,244.0,240.55,241.2,241.2,241.95,23785,5.75487025e+11,814,15354,0.6455,241.2,1.0
2017-09-21,COFFEEDAY,EQ,241.2,242.75,243.4,222.55,232.9,233.25,232.05,1089816,2.528936659e+13,16452,293268,0.2691,233.25,1.0
2017-09-22,COFFEEDAY,EQ,233.25,233.0,233.0,228.45,230.0,230.2,230.05,382243,8.793649365e+12,2608,332127,0.8689,230.2,1.0
2017-09-25,COFFEEDAY,EQ,230.2,219.9,220.35,204.0,212.0,212.25,210.46,723311,1.5222523105e+13,10644,214709,0.2968,212.25,1.0
2017-09-26,COFFEEDAY,EQ,212.25,210.0,219.0,209.0,218.0,216.65,215.45,300757,6.479744e+12,7118,123059,0.4092,216.65,1.0
2017-09-27,COFFEEDAY,EQ,216.65,219.6,219.9,209.0,209.0,211.4,213.79,88012,1.88159596e+12,1935,56820,0.6456,211.4,1.0
2017-09-28,COFFEEDAY,EQ,211.4,213.45,219.7,205.7,206.25,207.7,211.54,173238,3.66462029e+12,3723,98132,0.5665,207.7,1.0
2017-09-29,COFFEEDAY,EQ,207.7,207.8,219.0,207.8,218.0,217.4,215.78,102648,2.21493516e+12,2597,65434,0.6375,217.4,1.0
2017-10-03,COFFEEDAY,EQ,217.4,217.0,220.2,210.15,211.6,212.4,215.18,54045,1.16292079e+12,1554,36620,0.6776,212.4,1.0
2017-10-04,COFFEEDAY,EQ,212.4,215.95,217.75,208.5,209.6,210.0,212.91,71516,1.522676735e+12,1951,53455,0.7475,210.0,1.0
2017-10-05,COFFEEDAY,EQ,210.0,211.15,215.3,210.1,214.5,214.3,213.06,48514,1.033651805e+12,2059,26715,0.5507,214.3,1.0
2017-10-06,COFFEEDAY,EQ,214.3,214.0,221.0,214.0,218.0,217.5,217.14,93651,2.03350094e+12,1653,42054,0.4491,217.5,1.0
2017-10-09,COFFEEDAY,EQ,217.5,218.0,220.0,215.0,215.8,215.3,216.76,39179,8.4923649e+11,943,25053,0.6394,215.3,1.0
2017-10-10,COFFEEDAY,EQ,215.3,217.0,218.95,215.0,216.0,215.6,215.99,34051,7.35464015e+11,713,21806,0.6404,215.6,1.0
2017-10-11,COFFEEDAY,EQ,215.6,217.05,224.75,215.5,216.5,218.75,220.3,120005,2.643718275e+12,4163,58045,0.4837,218.75,1.0
2017-10-12,COFFEEDAY,EQ,218.75,219.9,223.0,218.0,220.0,220.05,220.26,31888,7.02362575e+11,963,21030,0.6595,220.05,1.0
2017-10-13,COFFEEDAY,EQ,220.05,221.95,222.7,219.6,220.45,220.35,220.61,40068,8.8393414e+11,1007,32197,0.8036,220.35,1.0
2017-10-16,COFFEEDAY,EQ,220.35,220.0,222.5,218.85,220.65,220.55,220.2,26793,5.89977625e+11,608,22030,0.8222,220.55,1.0
2017-10-17,COFFEEDAY,EQ,220.55,217.0,231.7,217.0,221.8,221.95,227.54,158519,3.606925195e+12,3415,43484,0.2743,221.95,1.0
2017-10-18,COFFEEDAY,EQ,221.95,223.3,225.25,222.25,224.1,224.0,223.76,24490,5.47993155e+11,882,14103,0.5759,224.0,1.0
2017-10-19,COFFEEDAY,EQ,224.0,226.9,228.0,224.05,225.1,225.5,225.78,7838,1.7696813e+11,402,5002,0.6382,225.5,1.0
2017-10-23,COFFEEDAY,EQ,225.5,223.5,227.4,220.0,222.0,221.7,223.31,25460,5.68550925e+11,1201,13586,0.5336,221.7,1.0
2017-10-24,COFFEEDAY,EQ,221.7,223.0,224.2,220.25,220.45,221.2,222.24,17053,3.78986805e+11,771,10044,0.589,221.2,1.0
2017-10-25,COFFEEDAY,EQ,221.2,223.0,227.0,220.0,220.0,220.45,220.8,41562,9.1769239e+11,808,29768,0.7162,220.45,1.0
2017-10-26,COFFEEDAY,EQ,220.45,220.55,222.0,220.0,220.0,220.1,220.26,26441,5.8239585e+11,752,16698,0.6315,220.1,1.0
2017-10-27,COFFEEDAY,EQ,220.1,219.2,226.5,218.4,220.5,221.65,221.53,463062,1.0258360945e+13,5118,404611,0.8738,221.65,1.0
2017-10-30,COFFEEDAY,EQ,221.65,220.3,228.95,220.3,226.25,224.75,225.03,158600,3.568907285e+12,3381,114883,0.7244,224.75,1.0
2017-10-31,COFFEEDAY,EQ,224.75,224.6,226.4,220.3,222.0,222.45,223.85,31147,6.9721792e+11,1751,21030,0.6752,222.45,1.0
2017-11-01,COFFEEDAY,EQ,222.45,222.3,226.4,221.05,223.75,222.2,223.55,35864,8.0174448e+11,2333,23453,0.6539,222.2,1.0
2017-11-02,COFFEEDAY,EQ,222.2,222.2,226.0,222.0,222.5,223.0,224.1,45313,1.01544328e+12,2608,22607,0.4989,223.0,1.0
2017-11-03,COFFEEDAY,EQ,223.0,224.9,225.5,222.2,224.8,223.3,223.89,31672,7.0910022e+11,1772,19809,0.6254,223.3,1.0
2017-11-06,COFFEEDAY,EQ,223.3,220.3,224.75,219.0,220.6,221.0,221.29,42303,9.36113225e+11,2196,22602,0.5343,221.0,1.0
2017-11-07,COFFEEDAY,EQ,221.0,221.1,222.9,217.6,220.0,219.4,220.04,74668,1.64296154e+12,3439,51924,0.6954,219.4,1.0
2017-11-08,COFFEEDAY,EQ,219.4,217.1,220.0,214.2,215.0,215.15,215.66,117451,2.532997585e+12,3445,99338,0.8458,215.15,1.0
2017-11-09,COFFEEDAY,EQ,215.15,215.5,258.15,215.0,242.0,247.5,245.75,1196268,2.9398704945e+13,11945,227301,0.19,247.5,1.0
2017-11-10,COFFEEDAY,EQ,247.5,239.0,239.9,225.0,227.0,227.9,233.61,479350,1.119828501e+13,14286,187151,0.3904,227.9,1.0
2017-11-13,COFFEEDAY,EQ,227.9,239.6,239.6,225.15,229.0,227.9,232.3,303273,7.044920195e+12,7631,96882,0.3195,227.9,1.0
2017-11-14,COFFEEDAY,EQ,227.9,230.0,230.05,220.1,223.45,223.6,224.81,79696,1.79162446e+12,2987,45134,0.5663,223.6,1.0
2017-11-15,COFFEEDAY,EQ,223.6,221.05,225.0,217.1,219.15,218.6,220.85,72583,1.603005835e+12,5159,38777,0.5342,218.6,1.0
2017-11-16,COFFEEDAY,EQ,218.6,219.15,222.8,217.1,220.0,220.0,220.08,45475,1.000822715e+12,3246,26797,0.5893,220.0,1.0
2017-11-17,COFFEEDAY,EQ,220.0,224.8,228.1,222.1,227.2,225.8,225.29,115425,2.600439685e+12,4227,70863,0.6139,225.8,1.0
2017-11-20,COFFEEDAY,EQ,225.8,228.45,228.45,223.75,225.0,224.65,224.95,30956,6.96362495e+11,1706,20778,0.6712,224.65,1.0
2017-11-21,COFFEEDAY,EQ,224.65,226.9,236.2,224.65,229.9,231.0,227.03,621663,1.411338525e+13,3884,519604,0.8358,231.0,1.0
2017-11-22,COFFEEDAY,EQ,231.0,231.9,236.7,226.45,228.25,228.1,233.12,105307,2.45487884e+12,4810,50457,0.4791,228.1,1.0
2017-11-23,COFFEEDAY,EQ,228.1,228.0,237.0,228.0,233.6,234.55,232.55,135216,3.144505265e+12,3329,65057,0.4811,234.55,1.0
2017-11-24,COFFEEDAY,EQ,234.55,234.55,235.6,229.0,229.0,230.0,232.35,145359,3.37745661e+12,2742,76436,0.5258,230.0,1.0
2017-11-27,COFFEEDAY,EQ,230.0,229.0,238.95,229.0,237.2,235.9,235.73,199514,4.70315101e+12,5050,129829,0.6507,235.9,1.0
2017-11-28,COFFEEDAY,EQ,235.9,239.0,250.0,234.65,241.05,241.0,244.0,530243,1.2937903955e+13,8554,172998,0.3263,241.0,1.0
2017-11-29,COFFEEDAY,EQ,241.0,241.95,245.0,236.3,237.25,238.55,241.44,109832,2.65181115e+12,3335,61956,0.5641,238.55,1.0
2017-11-30,COFFEEDAY,EQ,238.55,238.0,249.0,237.0,246.5,246.0,244.55,443752,1.0851960115e+13,3784,316765,0.7138,246.0,1.0
2017-12-01,COFFEEDAY,EQ,246.0,249.45,283.75,249.0,265.5,266.5,271.91,3031703,8.243604722e+13,40406,752604,0.2482,266.5,1.0
2017-12-04,COFFEEDAY,EQ,266.5,265.5,279.2,261.0,269.7,270.0,272.51,1012094,2.7580319425e+13,15213,224253,0.2216,270.0,1.0
2017-12-05,COFFEEDAY,EQ,270.0,269.7,272.45,262.3,263.5,264.7,267.19,301752,8.062553415e+12,6270,95728,0.3172,264.7,1.0
2017-12-06,COFFEEDAY,EQ,264.7,263.0,269.85,256.1,257.8,259.1,263.73,249684,6.5847983e+12,3755,95624,0.383,259.1,1.0
2017-12-07,COFFEEDAY,EQ,259.1,260.95,274.9,260.25,271.75,272.45,269.72,458323,1.236183168e+13,7307,206145,0.4498,272.45,1.0
2017-12-08,COFFEEDAY,EQ,272.45,272.05,284.9,272.05,280.25,280.15,279.78,1013578,2.8358170505e+13,13020,460977,0.4548,280.15,1.0
2017-12-11,COFFEEDAY,EQ,280.15,282.8,288.9,278.2,279.0,280.1,283.42,548800,1.555384554e+13,8649,184836,0.3368,280.1,1.0
2017-12-12,COFFEEDAY,EQ,280.1,277.3,279.95,235.0,274.0,274.65,273.27,422860,1.15554092e+13,4679,253725,0.6,274.65,1.0
2017-12-13,COFFEEDAY,EQ,274.65,274.0,279.9,271.1,274.25,274.9,276.63,538680,1.490145721e+13,4532,414570,0.7696,274.9,1.0
2017-12-14,COFFEEDAY,EQ,274.9,274.0,275.7,265.2,272.9,272.4,270.37,195448,5.284242885e+12,2784,130304,0.6667,272.4,1.0
2017-12-15,COFFEEDAY,EQ,272.4,274.0,279.95,272.0,278.05,278.6,277.05,293723,8.13759608e+12,3007,207605,0.7068,278.6,1.0
2017-12-18,COFFEEDAY,EQ,278.6,275.0,283.75,264.0,280.0,279.75,277.69,198945,5.524517145e+12,3410,108464,0.5452,279.75,1.0
2017-12-19,COFFEEDAY,EQ,279.75,281.0,284.1,280.0,282.0,282.05,282.01,228693,6.449309445e+12,5331,128842,0.5634,282.05,1.0
2017-12-20,COFFEEDAY,EQ,282.05,282.1,292.5,281.0,284.5,284.5,286.25,199553,5.712119335e+12,4924,103381,0.5181,284.5,1.0
2017-12-21,COFFEEDAY,EQ,284.5,286.65,290.0,283.0,285.0,283.95,286.55,199585,5.719013845e+12,4351,118231,0.5924,283.95,1.0
2017-12-22,COFFEEDAY,EQ,283.95,284.0,285.0,275.05,276.7,276.65,279.75,72133,2.017932815e+12,1606,39697,0.5503,276.65,1.0
2017-12-26,COFFEEDAY,EQ,276.65,277.0,285.0,276.55,283.55,283.9,280.99,80281,2.25579821e+12,2597,45262,0.5638,283.9,1.0
2017-12-27,COFFEEDAY,EQ,283.9,286.0,286.0,276.9,280.0,279.15,280.49,63154,1.77139568e+12,1211,39962,0.6328,279.15,1.0
2017-12-28,COFFEEDAY,EQ,279.15,281.2,283.0,276.05,277.95,277.7,278.33,34803,9.6866064e+11,831,21592,0.6204,277.7,1.0
2017-12-29,COFFEEDAY,EQ,277.7,277.7,280.7,272.55,276.0,274.7,276.62,63043,1.74390091e+12,1081,34707,0.5505,274.7,1.0
2018-01-01,COFFEEDAY,EQ,274.7,274.85,282.8,273.1,278.5,279.9,280.01,166002,4.64813971e+12,1724,131460,0.7919,279.9,1.0
2018-01-02,COFFEEDAY,EQ,279.9,280.0,280.0,271.55,272.0,272.6,273.93,41268,1.1304496e+12,1147,30698,0.7439,272.6,1.0
2018-01-03,COFFEEDAY,EQ,272.6,283.0,283.0,270.35,272.4,273.1,273.52,42065,1.150553615e+12,1029,25987,0.6178,273.1,1.0
2018-01-04,COFFEEDAY,EQ,273.1,275.5,275.75,270.55,275.0,274.7,274.38,96144,2.637954795e+12,1463,71771,0.7465,274.7,1.0
2018-01-05,COFFEEDAY,EQ,274.7,271.55,275.05,270.75,271.0,271.2,271.9,94181,2.560804345e+12,1068,60611,0.6436,271.2,1.0
2018-01-08,COFFEEDAY,EQ,271.2,279.1,279.1,270.1,272.1,271.7,273.9,109421,2.997091515e+12,1498,84940,0.7763,271.7,1.0
2018-01-09,COFFEEDAY,EQ,271.7,272.25,326.0,272.1,326.0,326.0,311.72,3684692,1.1485842628e+14,52483,1409621,0.3826,326.0,1.0
2018-01-10,COFFEEDAY,EQ,326.0,330.0,369.0,321.0,358.5,357.9,347.88,4716957,1.6409486989e+14,75604,987116,0.2093,357.9,1.0
2018-01-11,COFFEEDAY,EQ,357.9,354.0,372.0,341.75,358.0,358.1,359.25,2435963,8.751138183e+13,46148,635897,0.261,358.1,1.0
2018-01-12,COFFEEDAY,EQ,358.1,354.7,365.0,342.1,345.5,348.35,353.1,704896,2.4890156345e+13,14181,206490,0.2929,348.35,1.0
2018-01-15,COFFEEDAY,EQ,348.35,346.25,364.2,345.0,349.3,349.6,353.86,629511,2.227592043e+13,10921,191871,0.3048,349.6,1.0
2018-01-16,COFFEEDAY,EQ,349.6,352.2,352.2,330.0,335.4,335.0,338.08,428986,1.450324127e+13,6909,238846,0.5568,335.0,1.0
2018-01-17,COFFEEDAY,EQ,335.0,330.0,358.0,327.65,348.7,346.8,346.79,944524,3.2754916145e+13,16652,372458,0.3943,346.8,1.0
2018-01-18,COFFEEDAY,EQ,346.8,349.8,356.0,330.1,338.0,336.35,345.47,777660,2.686568208e+13,13181,470055,0.6044,336.35,1.0
2018-01-19,COFFEEDAY,EQ,336.35,338.0,356.0,338.0,350.95,349.4,349.15,967349,3.3775410685e+13,14417,649436,0.6714,349.4,1.0
2018-01-22,COFFEEDAY,EQ,349.4,341.0,374.9,341.0,360.15,359.55,364.33,1260155,4.591145122e+13,19697,450981,0.3579,359.55,1.0
2018-01-23,COFFEEDAY,EQ,359.55,363.5,364.5,353.05,360.0,358.8,359.83,394629,1.419974874e+13,6252,217158,0.5503,358.8,1.0
2018-01-24,COFFEEDAY,EQ,358.8,353.0,358.65,347.05,351.0,350.2,351.89,173119,6.09188529e+12,2966,96272,0.5561,350.2,1.0
2018-01-25,COFFEEDAY,EQ,350.2,351.9,369.0,342.25,343.65,344.5,356.88,638689,2.2793478715e+13,12006,164527,0.2576,344.5,1.0
2018-01-29,COFFEEDAY,EQ,344.5,344.0,362.0,342.8,346.0,347.05,352.93,420321,1.483431221e+13,7036,213773,0.5086,347.05,1.0
2018-01-30,COFFEEDAY,EQ,347.05,354.0,354.0,330.35,331.1,332.0,337.5,528708,1.7843941335e+13,9249,373171,0.7058,332.0,1.0
2018-01-31,COFFEEDAY,EQ,332.0,335.0,336.8,316.95,317.95,318.9,325.22,293271,9.537657875e+12,5658,170632,0.5818,318.9,1.0
2018-02-01,COFFEEDAY,EQ,318.9,320.0,336.5,316.0,327.0,326.35,328.52,516673,1.697372473e+13,8492,236725,0.4582,326.35,1.0
2018-02-02,COFFEEDAY,EQ,326.35,323.0,326.0,295.1,313.25,312.2,313.85,297542,9.33828984e+12,4621,163141,0.5483,312.2,1.0
2018-02-05,COFFEEDAY,EQ,312.2,307.8,324.0,300.0,324.0,320.15,315.52,260795,8.228699e+12,3864,143135,0.5488,320.15,1.0
2018-02-06,COFFEEDAY,EQ,320.15,282.0,314.8,282.0,305.0,304.0,303.08,322970,9.788430615e+12,5683,165214,0.5115,304.0,1.0
2018-02-07,COFFEEDAY,EQ,304.0,311.6,317.9,306.0,307.25,309.5,311.42,152147,4.738210415e+12,2543,82853,0.5446,309.5,1.0
2018-02-08,COFFEEDAY,EQ,309.5,311.7,338.0,310.6,332.0,333.55,328.33,471417,1.547781121e+13,10030,160384,0.3402,333.55,1.0
2018-02-09,COFFEEDAY,EQ,333.55,327.0,339.8,321.35,334.0,335.35,335.01,432027,1.4473245725e+13,6892,214638,0.4968,335.35,1.0
2018-02-12,COFFEEDAY,EQ,335.35,338.0,343.55,332.9,335.0,335.4,337.13,172316,5.80925087e+12,2535,87043,0.5051,335.4,1.0
2018-02-14,COFFEEDAY,EQ,335.4,336.9,340.0,328.25,328.65,331.35,336.35,186961,6.288344165e+12,6392,110882,0.5931,331.35,1.0
2018-02-15,COFFEEDAY,EQ,331.35,334.0,335.4,321.85,327.0,324.8,328.8,152116,5.00151096e+12,3888,82695,0.5436,324.8,1.0
2018-02-16,COFFEEDAY,EQ,324.8,327.95,330.7,319.1,323.0,323.8,325.53,122741,3.995629575e+12,7007,64277,0.5237,323.8,1.0
2018-02-19,COFFEEDAY,EQ,323.8,325.7,325.7,307.5,316.8,318.4,317.01,88234,2.79714716e+12,3154,43337,0.4912,318.4,1.0
2018-02-20,COFFEEDAY,EQ,318.4,320.0,321.55,310.5,312.5,312.5,314.78,59508,1.87317349e+12,2606,28981,0.487,312.5,1.0
2018-02-21,COFFEEDAY,EQ,312.5,315.5,315.8,310.15,314.5,313.75,312.88,80190,2.50900921e+12,3717,46472,0.5795,313.75,1.0
2018-02-22,COFFEEDAY,EQ,313.75,313.75,316.2,310.0,315.5,314.8,313.8,86147,2.70331534e+12,3170,58956,0.6844,314.8,1.0
2018-02-23,COFFEEDAY,EQ,314.8,315.75,330.0,315.75,323.5,323.75,321.81,154143,4.960437035e+12,7050,78534,0.5095,323.75,1.0
2018-02-26,COFFEEDAY,EQ,323.75,330.6,334.0,309.5,316.9,317.3,323.39,5448144,1.7618885061e+14,17639,3647080,0.6694,317.3,1.0
2018-02-27,COFFEEDAY,EQ,317.3,315.5,325.7,315.5,319.0,320.3,321.97,493775,1.589792617e+13,7744,284806,0.5768,320.3,1.0
2018-02-28,COFFEEDAY,EQ,320.3,318.2,322.0,313.0,313.35,314.0,316.4,157619,4.98708905e+12,4281,81516,0.5172,314.0,1.0
2018-03-01,COFFEEDAY,EQ,314.0,314.0,315.5,309.05,309.8,310.6,312.18,134233,4.190513205e+12,3446,91878,0.6845,310.6,1.0
2018-03-05,COFFEEDAY,EQ,310.6,309.8,310.45,302.0,307.0,306.7,305.7,99036,3.027522185e+12,2893,63461,0.6408,306.7,1.0
2018-03-06,COFFEEDAY,EQ,306.7,307.0,313.45,304.0,306.0,305.85,308.79,147838,4.56502321e+12,2358,98242,0.6645,305.85,1.0
2018-03-07,COFFEEDAY,EQ,305.85,306.0,306.0,291.0,292.0,292.65,296.04,116232,3.440964395e+12,2359,82587,0.7105,292.65,1.0
2018-03-08,COFFEEDAY,EQ,292.65,295.2,304.0,286.05,294.0,294.25,297.56,210383,6.260230695e+12,4001,124892,0.5936,294.25,1.0
2018-03-09,COFFEEDAY,EQ,294.25,296.1,301.0,287.3,288.1,288.95,294.45,300937,8.86105772e+12,4887,164677,0.5472,288.95,1.0
2018-03-12,COFFEEDAY,EQ,288.95,293.0,298.0,288.2,290.0,289.2,292.56,115538,3.380132325e+12,2076,74523,0.645,289.2,1.0
2018-03-13,COFFEEDAY,EQ,289.2,288.25,300.05,288.0,293.0,292.95,294.51,534692,1.5747261225e+13,4346,366294,0.6851,292.95,1.0
2018-03-14,COFFEEDAY,EQ,292.95,292.8,306.0,291.25,301.5,301.35,298.73,1099008,3.2831136255e+13,10093,739625,0.673,301.35,1.0
2018-03-15,COFFEEDAY,EQ,301.35,305.0,320.45,302.65,317.7,315.7,309.47,550744,1.7043890275e+13,8976,255481,0.4639,315.7,1.0
2018-03-16,COFFEEDAY,EQ,315.7,318.0,325.35,312.0,315.2,314.7,318.48,257239,8.192517855e+12,5767,95402,0.3709,314.7,1.0
2018-03-19,COFFEEDAY,EQ,314.7,316.75,316.8,303.35,305.95,305.8,306.38,101720,3.116542245e+12,2665,48114,0.473,305.8,1.0
2018-03-20,COFFEEDAY,EQ,305.8,305.6,314.0,302.45,312.5,311.9,310.97,116350,3.61815308e+12,2303,73751,0.6339,311.9,1.0
2018-03-21,COFFEEDAY,EQ,311.9,314.25,317.85,305.8,308.0,308.35,311.48,78739,2.45255508e+12,1999,44014,0.559,308.35,1.0
2018-03-22,COFFEEDAY,EQ,308.35,310.9,311.0,301.1,301.35,303.2,304.51,79917,2.433565495e+12,1782,50564,0.6327,303.2,1.0
2018-03-23,COFFEEDAY,EQ,303.2,294.25,301.0,294.25,300.0,298.85,298.99,77446,2.315584235e+12,2270,45991,0.5938,298.85,1.0
2018-03-26,COFFEEDAY,EQ,298.85,302.15,306.8,296.45,305.35,304.55,301.21,127433,3.83834786e+12,4794,73962,0.5804,304.55,1.0
2018-03-27,COFFEEDAY,EQ,304.55,306.5,310.95,299.15,302.0,301.95,307.04,113523,3.485598595e+12,1328,85729,0.7552,301.95,1.0
2018-03-28,COFFEEDAY,EQ,301.95,301.0,307.0,299.0,304.85,304.85,303.24,71186,2.158655065e+12,2326,25930,0.3643,304.85,1.0
2018-04-02,COFFEEDAY,EQ,304.85,300.85,309.8,300.85,303.05,303.8,304.68,82323,2.508195335e+12,1152,63468,0.771,303.8,1.0
2018-04-03,COFFEEDAY,EQ,303.8,303.0,313.3,300.1,304.1,304.55,307.13,177193,5.44212931e+12,3616,73723,0.4161,304.55,1.0
2018-04-04,COFFEEDAY,EQ,304.55,306.0,307.6,299.9,301.5,301.15,304.16,91528,2.78389726e+12,1787,57087,0.6237,301.15,1.0
2018-04-05,COFFEEDAY,EQ,301.15,304.15,309.25,303.5,304.65,306.0,306.79,50127,1.537822245e+12,1548,27726,0.5531,306.0,1.0
2018-04-06,COFFEEDAY,EQ,306.0,305.85,310.0,304.0,304.0,305.65,307.24,68810,2.11408615e+12,1368,39566,0.575,305.65,1.0
2018-04-09,COFFEEDAY,EQ,305.65,305.65,309.5,302.2,304.0,304.75,306.43,101255,3.1027096e+12,2066,63090,0.6231,304.75,1.0
2018-04-10,COFFEEDAY,EQ,304.75,308.2,308.2,302.6,302.6,304.2,304.91,47914,1.460938505e+12,1115,25653,0.5354,304.2,1.0
2018-04-11,COFFEEDAY,EQ,304.2,305.4,306.8,297.0,300.2,299.7,302.29,77986,2.357449975e+12,1544,49301,0.6322,299.7,1.0
2018-04-12,COFFEEDAY,EQ,299.7,301.4,304.9,299.65,301.0,300.95,301.91,56630,1.709730595e+12,1317,29398,0.5191,300.95,1.0
2018-04-13,COFFEEDAY,EQ,300.95,302.75,305.5,300.0,300.25,301.05,303.05,120202,3.6427101e+12,1770,83459,0.6943,301.05,1.0
2018-04-16,COFFEEDAY,EQ,301.05,299.9,303.8,298.45,300.65,301.3,301.58,52274,1.57647863e+12,899,33611,0.643,301.3,1.0
2018-04-17,COFFEEDAY,EQ,301.3,301.6,309.0,299.85,302.0,302.95,303.93,93423,2.83936684e+12,1894,44289,0.4741,302.95,1.0
2018-04-18,COFFEEDAY,EQ,302.95,302.2,306.9,302.2,303.05,304.15,304.16,54926,1.67064101e+12,1050,27259,0.4963,304.15,1.0
2018-04-19,COFFEEDAY,EQ,304.15,303.1,326.4,303.1,309.25,308.75,315.93,672604,2.1249839795e+13,10558,272615,0.4053,308.75,1.0
2018-04-20,COFFEEDAY,EQ,308.75,311.8,319.25,308.2,309.5,309.45,313.39,258131,8.0895466e+12,4256,148946,0.577,309.45,1.0
2018-04-23,COFFEEDAY,EQ,309.45,309.0,331.9,309.0,325.0,325.75,323.35,1016178,3.2858407285e+13,11295,414813,0.4082,325.75,1.0
2018-04-24,COFFEEDAY,EQ,325.75,328.5,338.9,325.0,336.05,334.75,331.22,764097,2.530804868e+13,12423,365782,0.4787,334.75,1.0
2018-04-25,COFFEEDAY,EQ,334.75,340.0,343.0,328.1,332.65,333.65,335.99,484158,1.6267330065e+13,13189,244910,0.5058,333.65,1.0
2018-04-26,COFFEEDAY,EQ,333.65,335.25,338.4,326.0,333.7,332.65,332.93,776840,2.586307086e+13,4713,640139,0.824,332.65,1.0
2018-04-27,COFFEEDAY,EQ,332.65,334.4,339.15,328.65,331.8,334.15,333.35,406169,1.3539691835e+13,5597,290602,0.7155,334.15,1.0
2018-04-30,COFFEEDAY,EQ,334.15,332.0,356.1,330.1,346.0,345.2,346.99,1135607,3.940420801e+13,15521,424602,0.3739,345.2,1.0
2018-05-02,COFFEEDAY,EQ,345.2,345.9,347.0,337.5,342.5,342.65,342.46,241486,8.269844945e+12,3498,124013,0.5135,342.65,1.0
2018-05-03,COFFEEDAY,EQ,342.65,338.4,342.75,331.25,342.0,341.4,337.7,151925,5.130516325e+12,4303,79717,0.5247,341.4,1.0
2018-05-04,COFFEEDAY,EQ,341.4,341.0,354.0,335.25,341.95,339.75,344.7,414122,1.4274774895e+13,10727,188457,0.4551,339.75,1.0
2018-05-07,COFFEEDAY,EQ,339.75,341.0,352.9,341.0,345.55,346.2,346.62,330032,1.1439537005e+13,5226,176113,0.5336,346.2,1.0
2018-05-08,COFFEEDAY,EQ,346.2,348.5,349.15,338.95,340.2,341.25,344.09,190755,6.56372422e+12,4542,108203,0.5672,341.25,1.0
2018-05-09,COFFEEDAY,EQ,341.25,340.5,344.45,336.15,338.0,338.05,340.11,112763,3.835170985e+12,4131,72403,0.6421,338.05,1.0
2018-05-10,COFFEEDAY,EQ,338.05,338.05,340.0,331.15,332.0,332.95,336.48,143117,4.81562167e+12,3472,83576,0.584,332.95,1.0
2018-05-11,COFFEEDAY,EQ,332.95,334.4,338.0,330.05,336.0,335.5,334.8,69458,2.325469675e+12,2776,44912,0.6466,335.5,1.0
2018-05-14,COFFEEDAY,EQ,335.5,334.6,337.9,324.15,327.2,328.4,330.33,74585,2.46376434e+12,2998,42471,0.5694,328.4,1.0
2018-05-15,COFFEEDAY,EQ,328.4,329.0,335.95,315.0,319.0,318.75,324.31,188877,6.125511995e+12,4558,134866,0.714,318.75,1.0
2018-05-16,COFFEEDAY,EQ,318.75,322.9,326.5,309.6,315.0,313.15,316.05,134879,4.262891305e+12,3452,91709,0.6799,313.15,1.0
2018-05-17,COFFEEDAY,EQ,313.15,315.0,322.8,312.05,315.0,315.65,316.63,252940,8.00888626e+12,6313,169208,0.669,315.65,1.0
2018-05-18,COFFEEDAY,EQ,315.65,318.0,319.9,304.0,309.0,310.0,312.1,448997,1.4013131875e+13,9896,200172,0.4458,310.0,1.0
2018-05-21,COFFEEDAY,EQ,310.0,310.0,312.9,295.45,306.0,306.75,306.37,167192,5.122235565e+12,5934,96744,0.5786,306.75,1.0
2018-05-22,COFFEEDAY,EQ,306.75,306.75,311.5,304.15,311.5,306.85,307.12,132977,4.083991155e+12,4533,90872,0.6834,306.85,1.0
2018-05-23,COFFEEDAY,EQ,306.85,307.75,310.0,305.0,307.65,305.4,307.06,77681,2.385259725e+12,2255,55127,0.7097,305.4,1.0
2018-05-24,COFFEEDAY,EQ,305.4,306.45,312.0,302.0,305.5,305.3,306.65,168268,5.15986163e+12,5442,100004,0.5943,305.3,1.0
2018-05-25,COFFEEDAY,EQ,305.3,307.9,310.25,303.0,306.0,304.95,306.21,129029,3.95101353e+12,4476,83874,0.65,304.95,1.0
2018-05-28,COFFEEDAY,EQ,304.95,307.0,310.0,305.7,307.0,307.1,308.13,52432,1.61557486e+12,2324,34472,0.6575,307.1,1.0
2018-05-29,COFFEEDAY,EQ,307.1,307.0,307.75,303.5,304.2,304.5,305.14,45008,1.37336782e+12,1691,27321,0.607,304.5,1.0
2018-05-30,COFFEEDAY,EQ,304.5,306.0,306.0,298.2,298.45,299.35,300.5,147642,4.436610315e+12,3038,115876,0.7848,299.35,1.0
2018-05-31,COFFEEDAY,EQ,299.35,299.25,303.0,296.2,296.2,298.6,299.51,69325,2.07634618e+12,1596,42470,0.6126,298.6,1.0
2018-06-01,COFFEEDAY,EQ,298.6,298.8,299.5,289.45,290.1,291.6,292.55,151810,4.441192655e+12,4565,117670,0.7751,291.6,1.0
2018-06-04,COFFEEDAY,EQ,291.6,291.6,292.05,281.3,285.95,284.65,286.31,148830,4.26120513e+12,3563,104859,0.7046,284.65,1.0
2018-06-05,COFFEEDAY,EQ,284.65,280.0,286.1,278.4,281.45,280.7,282.31,86181,2.43301805e+12,1432,61408,0.7125,280.7,1.0
2018-06-06,COFFEEDAY,EQ,280.7,282.0,288.2,278.0,283.0,284.15,283.55,48809,1.38396116e+12,2337,29708,0.6087,284.15,1.0
2018-06-07,COFFEEDAY,EQ,284.15,285.8,294.85,276.0,279.0,279.4,282.08,158828,4.48029759e+12,4830,102584,0.6459,279.4,1.0
2018-06-08,COFFEEDAY,EQ,279.4,279.0,295.5,275.0,287.0,286.85,286.82,196935,5.64841284e+12,4015,115906,0.5885,286.85,1.0
2018-06-11,COFFEEDAY,EQ,286.85,285.0,333.0,285.0,310.0,310.85,315.88,1389405,4.3888523795e+13,23282,360320,0.2593,310.85,1.0
2018-06-12,COFFEEDAY,EQ,310.85,312.0,315.1,299.0,304.0,303.5,306.8,245928,7.545019915e+12,6653,95058,0.3865,303.5,1.0
2018-06-13,COFFEEDAY,EQ,303.5,304.7,306.0,293.0,294.0,294.45,296.18,188530,5.583841975e+12,4272,110601,0.5866,294.45,1.0
2018-06-14,COFFEEDAY,EQ,294.45,295.7,309.0,291.25,305.15,304.75,302.15,336372,1.0163450155e+13,7334,156072,0.464,304.75,1.0
2018-06-15,COFFEEDAY,EQ,304.75,304.0,314.0,302.0,304.9,305.1,308.63,351966,1.0862790915e+13,7756,158503,0.4503,305.1,1.0
2018-06-18,COFFEEDAY,EQ,305.1,303.5,311.85,301.0,301.15,301.85,305.47,91351,2.790543475e+12,4780,35966,0.3937,301.85,1.0
2018-06-19,COFFEEDAY,EQ,301.85,301.15,304.9,290.0,291.8,292.35,295.93,107542,3.18252857e+12,3012,64323,0.5981,292.35,1.0
2018-06-20,COFFEEDAY,EQ,292.35,294.65,295.95,289.0,290.25,290.9,291.5,84550,2.46466081e+12,2072,46740,0.5528,290.9,1.0
2018-06-21,COFFEEDAY,EQ,290.9,291.05,293.25,284.05,284.5,285.2,287.82,62039,1.78563185e+12,2297,32661,0.5265,285.2,1.0
2018-06-22,COFFEEDAY,EQ,285.2,285.6,288.35,281.8,285.7,286.35,285.49,55228,1.57669549e+12,2530,32799,0.5939,286.35,1.0
2018-06-25,COFFEEDAY,EQ,286.35,286.0,290.75,283.55,284.75,284.9,286.09,37300,1.067115155e+12,2546,21737,0.5828,284.9,1.0
2018-06-26,COFFEEDAY,EQ,284.9,285.0,288.7,280.45,283.95,284.65,283.77,37592,1.066735535e+12,1997,20430,0.5435,284.65,1.0
2018-06-27,COFFEEDAY,EQ,284.65,287.65,289.3,275.1,275.7,276.35,279.77,176452,4.936583635e+12,7417,133880,0.7587,276.35,1.0
2018-06-28,COFFEEDAY,EQ,276.35,276.0,276.0,268.55,274.5,273.6,271.5,75896,2.06057175e+12,2155,46348,0.6107,273.6,1.0
2018-06-29,COFFEEDAY,EQ,273.6,273.75,278.0,263.6,273.9,270.4,268.88,161432,4.34054645e+12,3446,87558,0.5424,270.4,1.0
2018-07-02,COFFEEDAY,EQ,270.4,269.1,276.55,265.3,266.5,266.1,268.11,50204,1.346008005e+12,1838,29676,0.5911,266.1,1.0
2018-07-03,COFFEEDAY,EQ,266.1,266.75,269.65,263.05,265.55,265.55,265.25,100121,2.65575368e+12,5272,61615,0.6154,265.55,1.0
2018-07-04,COFFEEDAY,EQ,265.55,265.4,274.0,257.05,258.5,259.45,266.51,923879,2.4621939845e+13,8616,516657,0.5592,259.45,1.0
2018-07-05,COFFEEDAY,EQ,259.45,263.0,268.8,257.15,259.0,258.5,262.78,139708,3.67130618e+12,2647,56010,0.4009,258.5,1.0
2018-07-06,COFFEEDAY,EQ,258.5,255.7,263.05,255.7,259.75,260.1,260.38,71741,1.86798447e+12,1096,46377,0.6465,260.1,1.0
2018-07-09,COFFEEDAY,EQ,260.1,264.9,265.7,259.05,259.9,259.75,261.52,62074,1.623364975e+12,2041,42473,0.6842,259.75,1.0
2018-07-10,COFFEEDAY,EQ,259.75,261.35,268.7,260.1,262.5,262.05,264.01,127267,3.360024655e+12,2911,76149,0.5983,262.05,1.0
2018-07-11,COFFEEDAY,EQ,262.05,261.9,268.2,261.9,265.0,264.8,264.97,77117,2.04336868e+12,2709,47779,0.6196,264.8,1.0
2018-07-12,COFFEEDAY,EQ,264.8,269.9,274.4,266.0,266.05,268.4,269.96,2039184,5.5050313e+13,4663,1924357,0.9437,268.4,1.0
2018-07-13,COFFEEDAY,EQ,268.4,268.0,269.5,263.05,265.0,265.85,266.0,61129,1.62601222e+12,3067,36289,0.5936,265.85,1.0
2018-07-16,COFFEEDAY,EQ,265.85,261.0,265.95,248.35,255.6,257.25,256.84,195409,5.01882396e+12,3754,100859,0.5161,257.25,1.0
2018-07-17,COFFEEDAY,EQ,257.25,252.0,262.0,252.0,261.0,260.9,259.49,26426,6.8573543e+11,612,17494,0.662,260.9,1.0
2018-07-18,COFFEEDAY,EQ,260.9,261.05,263.9,255.8,259.8,260.25,260.04,37354,9.71345785e+11,1277,22525,0.603,260.25,1.0
2018-07-19,COFFEEDAY,EQ,260.25,262.2,262.25,255.1,257.45,256.15,258.01,38638,9.96902645e+11,1339,22577,0.5843,256.15,1.0
2018-07-20,COFFEEDAY,EQ,256.15,255.2,263.8,254.15,258.5,258.75,259.51,30526,7.92185185e+11,1457,19158,0.6276,258.75,1.0
2018-07-23,COFFEEDAY,EQ,258.75,252.1,263.4,252.1,259.8,260.2,259.2,28572,7.40576595e+11,1507,15531,0.5436,260.2,1.0
2018-07-24,COFFEEDAY,EQ,260.2,261.95,267.8,255.55,263.5,263.9,262.05,74964,1.9644053e+12,2339,38135,0.5087,263.9,1.0
2018-07-25,COFFEEDAY,EQ,263.9,265.45,266.45,261.1,265.0,264.9,263.31,53319,1.403927755e+12,5308,36815,0.6905,264.9,1.0
2018-07-26,COFFEEDAY,EQ,264.9,264.9,267.35,262.0,262.35,262.65,263.64,91118,2.40219914e+12,3391,79270,0.87,262.65,1.0
2018-07-27,COFFEEDAY,EQ,262.65,259.1,263.0,257.0,259.25,260.05,259.69,98125,2.548214395e+12,3368,58664,0.5978,260.05,1.0
2018-07-30,COFFEEDAY,EQ,260.05,263.8,265.8,260.1,260.8,262.05,263.09,64886,1.70707274e+12,2926,41686,0.6424,262.05,1.0
2018-07-31,COFFEEDAY,EQ,262.05,262.9,269.9,261.1,266.5,267.75,267.37,70663,1.889340725e+12,3379,37188,0.5263,267.75,1.0
2018-08-01,COFFEEDAY,EQ,267.75,265.1,272.05,265.1,266.25,269.2,268.7,199389,5.35767048e+12,1519,170792,0.8566,269.2,1.0
2018-08-02,COFFEEDAY,EQ,269.2,268.8,269.5,262.2,263.25,264.45,265.92,55196,1.467781395e+12,1187,39578,0.717,264.45,1.0
2018-08-03,COFFEEDAY,EQ,264.45,265.9,266.85,261.4,261.4,262.25,263.71,69903,1.843429e+12,2776,52098,0.7453,262.25,1.0
